smiles,predicted_pIC50,uncertainty,QED,MW,LogP,TPSA,HBD,HBA,penalty,final_score,parent_seed,parent_predicted_pIC50,parent_QED,parent_final_score,delta_predicted_pIC50,delta_QED,delta_final_score
C=CC(=O)NC1=COC=C2N=CN=C(Nc3cccc(C)c3)C21,9.100234860675844,0.0201785068731693,0.8423852863139648,308.34100000000007,2.47872,75.08,2,5,0.0,9.501248996959658,C=CC(=O)NC1=CC=C2N=CN=C(Nc3cccc(C)c3)C21,9.148910562934578,0.8407986245812334,9.539862393436406,-0.04867570225873408,0.0015866617327313648,-0.03861339647674811
C=CC(=O)Nc1nc2c(Cc3ccc(F)c(Cl)c3)ncnc2cc1/C=C/CCN1CCOCOC1,9.343918546779667,0.0281808160658038,0.4663711379303054,497.9580000000004,4.199700000000003,89.47000000000001,1,7,0.0,9.548923299679016,C=CC(=O)Nc1nc2c(Cc3ccc(F)c(Cl)c3)ncnc2cc1/C=C/CCN1CCOCC1,9.382153026658898,0.4839275266830337,9.596193109686268,-0.038234479879230676,-0.017556388752728302,-0.04726981000725239
C=CC(=O)Nc1nc2c(Cc3ccc(F)c(Cl)c3)ncnc2cc1/C=C/CCN1CCOCCO1,9.32484287547417,0.0224970125219836,0.4663711379303054,497.9580000000004,4.199700000000003,89.47000000000001,1,7,0.0,9.53553143191734,C=CC(=O)Nc1nc2c(Cc3ccc(F)c(Cl)c3)ncnc2cc1/C=C/CCN1CCOCC1,9.382153026658898,0.4839275266830337,9.596193109686268,-0.05731015118472804,-0.017556388752728302,-0.06066167776892861
C=CC(=O)Nc1nc2c(Cc3ccc(F)c(Cl)c3)ncnc2cc1/C=C/CCN1CCNCC1,9.312070204931498,0.0362596739096006,0.4765559590971826,480.9750000000003,3.8411000000000017,83.04,2,6,0.0,9.514088510570488,C=CC(=O)Nc1nc2c(Cc3ccc(F)c(Cl)c3)ncnc2cc1/C=C/CCN1CCOCC1,9.382153026658898,0.4839275266830337,9.596193109686268,-0.0700828217274001,-0.007371567585851058,-0.08210459911578027
C=CC(=O)Nc1nc2c(Cc3ccc(F)c(Cl)c3)ncnc2cc1/C=C/CCN1CCOOCC1,9.350967175825328,0.0240426198510848,0.3682593879048447,497.9580000000004,4.199700000000003,89.47000000000001,1,7,0.0,9.511054249926666,C=CC(=O)Nc1nc2c(Cc3ccc(F)c(Cl)c3)ncnc2cc1/C=C/CCN1CCOCC1,9.382153026658898,0.4839275266830337,9.596193109686268,-0.031185850833569617,-0.11566813877818899,-0.08513885975960278
C=CC(=O)NC1=NOC=C2N=CN=C(Nc3cccc(C)c3)C21,9.113984078401437,0.0080743269601043,0.8185291858113687,309.32900000000006,1.95082,87.44,2,6,0.0,9.515174344347017,C=CC(=O)NC1=NC=C2N=CN=C(Nc3cccc(C)c3)C21,9.225868842634966,0.8182257163781242,9.623413495652406,-0.11188476423352967,0.000303469433244441,-0.10823915130538886
O=C(CCN1CCN(CO)CC1)Nc1ccc2ncnc(Nc3cccc(Br)c3)c2c1,9.29894435720328,0.0250881484766699,0.4738919416660224,485.38600000000014,3.031900000000001,93.62,3,7,0.0,9.51080217955962,CN1CCN(CCC(=O)Nc2ccc3ncnc(Nc4cccc(Br)c4)c3c2)CC1,9.408758181162073,0.5737333346179045,9.678590282753298,-0.1098138239587918,-0.09984139295188216,-0.16778810319367743
O=C(CCN1CCCCOC1)Nc1ccc2ncnc(Nc3cccc(Br)c3)c2c1,9.142142216133395,0.0220153195689445,0.5512062923021829,470.3710000000001,4.534400000000003,79.38,2,6,0.0,9.395730042715542,O=C(CCN1CCCCC1)Nc1ccc2ncnc(Nc3cccc(Br)c3)c2c1,9.313859947685312,0.5517540108550381,9.57171395514685,-0.17171773155191694,-0.0005477185528551809,-0.17598391243130784
CN(CO)C/C=C/C(=O)Nc1ccc2ncnc3c2c1CCN3c1ccc(F)c(Cl)c1,9.209330325576182,0.0355313819172136,0.4499013198121037,441.8940000000002,3.4928000000000017,81.59,2,6,0.0,9.39874960356502,CN(C)C/C=C/C(=O)Nc1ccc2ncnc3c2c1CCN3c1ccc(F)c(Cl)c1,9.314458806464838,0.6214205553234822,9.58041020053087,-0.10512848088865567,-0.1715192355113785,-0.18166059696585002
CN1CCN(CCC(=O)Nc2ccc3ncnc(Nc4cccc(Br)c4)c3c2)CCO1,9.24139827118811,0.02153688565821,0.5518621847346737,485.3860000000002,3.643500000000001,82.62,2,7,0.0,9.495792477897238,CN1CCN(CCC(=O)Nc2ccc3ncnc(Nc4cccc(Br)c4)c3c2)CC1,9.408758181162073,0.5737333346179045,9.678590282753298,-0.16735990997396222,-0.0218711498832308,-0.1827978048560599
CN1CCN(CCC(=O)Nc2ccc3ncnc(Nc4cccc(Br)c4)c3c2)COC1,9.214878082082638,0.0174720871616395,0.5518621847346737,485.3860000000002,3.643500000000001,82.62,2,7,0.0,9.473337087288336,CN1CCN(CCC(=O)Nc2ccc3ncnc(Nc4cccc(Br)c4)c3c2)CC1,9.408758181162073,0.5737333346179045,9.678590282753298,-0.1938800990794345,-0.0218711498832308,-0.20525319546496235
CN(C)C/C=C/C(=O)Nc1ccc2ncnc3c2c1OCCN3c1ccc(F)c(Cl)c1,9.08695842280262,0.0561791164967614,0.6031575474128575,441.8940000000001,4.009100000000003,70.59,1,6,0.0,9.332358080012288,CN(C)C/C=C/C(=O)Nc1ccc2ncnc3c2c1CCN3c1ccc(F)c(Cl)c1,9.314458806464838,0.6214205553234822,9.58041020053087,-0.2275003836622176,-0.01826300791062463,-0.24805212051858305
CN(C)C/C=C/C(=O)Nc1ccc2ncnc3c2c1COCN3c1ccc(F)c(Cl)c1,9.086944445897664,0.063811413295306,0.6008671398534896,441.8940000000001,4.104400000000003,70.59,1,6,0.0,9.3235666025291,CN(C)C/C=C/C(=O)Nc1ccc2ncnc3c2c1CCN3c1ccc(F)c(Cl)c1,9.314458806464838,0.6214205553234822,9.58041020053087,-0.22751436056717367,-0.020553415469992564,-0.2568435980017707
O=C(CCN1CCCOCC1)Nc1ccc2ncnc(Nc3cccc(Br)c3)c2c1,9.073673073576872,0.0402885418374479,0.5628384307878745,470.3710000000001,4.1868000000000025,79.38,2,6,0.0,9.31480374713336,O=C(CCN1CCCCC1)Nc1ccc2ncnc(Nc3cccc(Br)c3)c2c1,9.313859947685312,0.5517540108550381,9.57171395514685,-0.2401868741084403,0.011084419932836487,-0.2569102080134904
NC(=O)CCCNc1cc2ncnc(Nc3cccc(Br)c3)c2cn1,9.047488927100469,0.0181268103259208,0.5253198346334698,401.2680000000001,3.2083000000000004,105.82,3,6,0.0,9.292022034091284,O=C(O)CCCNc1cc2ncnc(Nc3cccc(Br)c3)c2cn1,9.347422264803685,0.5170252665618643,9.583455041718128,-0.29993333770321584,0.008294568071605446,-0.29143300762684454
C=CC(=N)NC1=CC=C2N=CN=C(Nc3cccc(C)c3)C21,8.99878734735417,0.0541574422750781,0.5914466494556185,291.358,2.997790000000001,72.63,3,4,0.0,9.2403532298069,C=CC(=O)NC1=CC=C2N=CN=C(Nc3cccc(C)c3)C21,9.148910562934578,0.8407986245812334,9.539862393436406,-0.15012321558040753,-0.2493519751256149,-0.29950916362950686
C=CC(=N)NC1=NC=C2N=CN=C(Nc3cccc(C)c3)C21,9.07560247092036,0.045097480850844,0.5775653740995258,292.346,2.4698900000000004,84.99000000000001,3,5,0.0,9.319287677119275,C=CC(=O)NC1=NC=C2N=CN=C(Nc3cccc(C)c3)C21,9.225868842634966,0.8182257163781242,9.623413495652406,-0.150266371714606,-0.24066034227859845,-0.30412581853313014
CON(C)C/C=C/C(=O)Nc1ccc2ncnc3c2c1CCN3c1ccc(F)c(Cl)c1,9.055932831204077,0.0280035223933861,0.4583870012921185,441.8940000000002,4.104400000000003,70.58999999999999,1,6,0.0,9.257122809456751,CN(C)C/C=C/C(=O)Nc1ccc2ncnc3c2c1CCN3c1ccc(F)c(Cl)c1,9.314458806464838,0.6214205553234822,9.58041020053087,-0.2585259752607616,-0.16303355403136366,-0.3232873910741194
NC(=O)CCCNc1c(Br)cccc1Nc1ncnc2ccncc12,9.019329146944694,0.027690762114273,0.5253198346334697,401.26800000000014,3.2083000000000004,105.82,3,6,0.0,9.254298302147156,O=C(O)CCCNc1c(Br)cccc1Nc1ncnc2ccncc12,9.35150962487041,0.5170252665618642,9.598318997691685,-0.33218047792571603,0.008294568071605446,-0.3440206955445291
C=CC(=O)NOC1=CC=C2N=CN=C(Nc3cccc(C)c3)C21,8.880096230192246,0.0391039156184815,0.6625904344954205,308.34100000000007,2.47872,75.08,2,5,0.0,9.172287531821476,C=CC(=O)NC1=CC=C2N=CN=C(Nc3cccc(C)c3)C21,9.148910562934578,0.8407986245812334,9.539862393436406,-0.26881433274233224,-0.1782081900858129,-0.3675748616149299
CN(COCO)c1cc2c(Nc3cccc(Br)c3)ncnc2cn1,8.861332550566912,0.0263906533833366,0.6265265096325219,390.241,2.891000000000001,83.4,2,7,0.0,9.148205151999838,CN(CCO)c1cc2c(Nc3cccc(Br)c3)ncnc2cn1,9.187915453581798,0.7154897998540194,9.52460038627166,-0.32658290301488613,-0.08896329022149752,-0.376395234271822
CN(C)OC/C=C/C(=O)Nc1ccc2ncnc3c2c1CCN3c1ccc(F)c(Cl)c1,9.001658061623383,0.0343818534639135,0.4583870012921185,441.8940000000002,4.104400000000003,70.58999999999999,1,6,0.0,9.196469708805528,CN(C)C/C=C/C(=O)Nc1ccc2ncnc3c2c1CCN3c1ccc(F)c(Cl)c1,9.314458806464838,0.6214205553234822,9.58041020053087,-0.31280074484145537,-0.16303355403136366,-0.38394049172534217
C=CC(=O)Nc1nc2c(Cc3ccc(F)c(Cl)c3)ncnc2cc1/C=C/OCCN1CCOCC1,9.07531011458492,0.028170066132188,0.2726510543318792,497.9580000000004,3.852100000000002,89.47000000000001,1,7,0.0,9.183465575618673,C=CC(=O)Nc1nc2c(Cc3ccc(F)c(Cl)c3)ncnc2cc1/C=C/CCN1CCOCC1,9.382153026658898,0.4839275266830337,9.596193109686268,-0.3068429120739786,-0.2112764723511545,-0.41272753406759577
C=CC(=O)NOC1=NC=C2N=CN=C(Nc3cccc(C)c3)C21,8.911116980187144,0.0351372319390776,0.6463330005515724,309.32900000000006,1.95082,87.44,2,6,0.0,9.199146248523853,C=CC(=O)NC1=NC=C2N=CN=C(Nc3cccc(C)c3)C21,9.225868842634966,0.8182257163781242,9.623413495652406,-0.3147518624478227,-0.17189271582655186,-0.4242672471285527
O=C(O)CCOCNc1c(Br)cccc1Nc1ncnc2ccncc12,8.973864545952322,0.0088505871669061,0.3774228935382279,418.25100000000015,3.3916000000000013,109.26,3,7,0.0,9.15372540555453,O=C(O)CCCNc1c(Br)cccc1Nc1ncnc2ccncc12,9.35150962487041,0.5170252665618642,9.598318997691685,-0.3776450789180874,-0.13960237302363632,-0.44459359213715466
C=CC(=O)C(OC)c1cc2c(Nc3cccc(Br)c3)ncnc2cn1,8.900951658080274,0.0392711565725976,0.6324060950216026,399.2480000000001,3.973500000000003,77.0,1,6,0.0,9.177883549018476,C=CC(=O)C(C)c1cc2c(Nc3cccc(Br)c3)ncnc2cn1,9.331955814487577,0.6622425832625197,9.62464397069617,-0.43100415640730283,-0.029836488240917114,-0.44676042167769303
C=COC(=O)C(C)c1cc2c(Nc3cccc(Br)c3)ncnc2cn1,8.963406676245885,0.0400357673861256,0.50874426616121,399.2480000000001,4.321100000000002,77.0,1,6,0.0,9.177743041940364,C=CC(=O)C(C)c1cc2c(Nc3cccc(Br)c3)ncnc2cn1,9.331955814487577,0.6622425832625197,9.62464397069617,-0.36854913824169167,-0.15349831710130968,-0.4469009287558059
C=CC(=O)OC1=CC=C2N=CN=C(Nc3cccc(C)c3)C21,8.791437204878996,0.0514257889076937,0.6880835687619656,293.326,2.974120000000001,63.05,1,5,0.0,9.084053200352283,C=CC(=O)NC1=CC=C2N=CN=C(Nc3cccc(C)c3)C21,9.148910562934578,0.8407986245812334,9.539862393436406,-0.3574733580555822,-0.1527150558192678,-0.45580919308412327
O=C(O)CCOCNc1cc2ncnc(Nc3cccc(Br)c3)c2cn1,8.942960443392838,0.0144369847616824,0.3774228935382279,418.2510000000001,3.3916000000000013,109.26,3,7,0.0,9.11723490540027,O=C(O)CCCNc1cc2ncnc(Nc3cccc(Br)c3)c2cn1,9.347422264803685,0.5170252665618643,9.583455041718128,-0.4044618214108464,-0.13960237302363643,-0.4662201363178582
C=CC(=O)OC(C)c1cc2c(Nc3cccc(Br)c3)ncnc2cn1,8.922443139528406,0.0348498267608563,0.50874426616121,399.2480000000001,4.321100000000002,77.0,1,6,0.0,9.141965445848154,C=CC(=O)C(C)c1cc2c(Nc3cccc(Br)c3)ncnc2cn1,9.331955814487577,0.6622425832625197,9.62464397069617,-0.40951267495917065,-0.15349831710130968,-0.48267852484801566
CC(C(=O)C=CO)c1cc2c(Nc3cccc(Br)c3)ncnc2cn1,8.935632125479604,0.0443487814315214,0.4921019548555872,399.2480000000001,4.2752000000000026,88.0,2,6,0.0,9.137334321475876,C=CC(=O)C(C)c1cc2c(Nc3cccc(Br)c3)ncnc2cn1,9.331955814487577,0.6622425832625197,9.62464397069617,-0.3963236890079731,-0.1701406284069325,-0.4873096492202933
NC(CO)CNc1cc2c(Nc3cccc(Br)c3)ncnc2cn1,8.857639269113651,0.0173486349666486,0.5121222681157751,389.25700000000006,2.2623999999999995,108.98,4,7,0.0,9.09635176820489,OCC(O)CNc1cc2c(Nc3cccc(Br)c3)ncnc2cn1,9.358579326730814,0.5122032504279255,9.58747202473561,-0.5009400576171625,-8.098231215036833e-05,-0.49112025653072067
C=CC(=O)OC1=NC=C2N=CN=C(Nc3cccc(C)c3)C21,8.83317865828847,0.0405675895570852,0.6721170843977406,294.314,2.4462200000000003,75.41,1,6,0.0,9.128669610930254,C=CC(=O)NC1=NC=C2N=CN=C(Nc3cccc(C)c3)C21,9.225868842634966,0.8182257163781242,9.623413495652406,-0.39269018434649716,-0.1461086319803836,-0.49474388472215125
C=CC(=O)Nc1nc2c(Cc3ccc(F)c(Cl)c3)ncnc2cc1OC=CCCN1CCOCC1,8.950608394794733,0.0352532481425191,0.3506772030315288,497.9580000000004,4.147400000000003,89.47000000000001,1,7,0.0,9.09069374816798,C=CC(=O)Nc1nc2c(Cc3ccc(F)c(Cl)c3)ncnc2cc1/C=C/CCN1CCOCC1,9.382153026658898,0.4839275266830337,9.596193109686268,-0.43154463186416514,-0.1332503236515049,-0.5054993615182877
NCC(O)CNc1cc2c(Nc3cccc(Br)c3)ncnc2cn1,8.84319271892974,0.0176971589119901,0.5121222681157751,389.25700000000006,2.2623999999999995,108.98,4,7,0.0,9.08155669407564,OCC(O)CNc1cc2c(Nc3cccc(Br)c3)ncnc2cn1,9.358579326730814,0.5122032504279255,9.58747202473561,-0.5153866078010729,-8.098231215036833e-05,-0.5059153306599704
CN(C)COC=CC(=O)Nc1ccc2ncnc3c2c1CCN3c1ccc(F)c(Cl)c1,8.92988264249496,0.0422805369413211,0.3525344363855597,441.8940000000002,4.104400000000003,70.58999999999999,1,6,0.0,9.06386932374642,CN(C)C/C=C/C(=O)Nc1ccc2ncnc3c2c1CCN3c1ccc(F)c(Cl)c1,9.314458806464838,0.6214205553234822,9.58041020053087,-0.3845761639698786,-0.26888611893792247,-0.5165408767844504
OCNc1cc2ncnc(Nc3cccc(Br)c3)c2cn1,8.700434739116329,0.0147681210137733,0.6303772887856234,346.18800000000005,2.8926000000000007,82.96,3,6,0.0,9.000855262495367,CNc1cc2ncnc(Nc3cccc(Br)c3)c2cn1,9.150625171571486,0.7686164717854101,9.520731468576212,-0.4501904324551571,-0.13823918299978677,-0.5198762060808448
OCOC(O)CNc1cc2c(Nc3cccc(Br)c3)ncnc2cn1,8.860315930805234,0.0241469061925549,0.4422543456553052,406.24000000000007,2.227599999999999,112.42,4,8,0.0,9.05729619744033,OCC(O)CNc1cc2c(Nc3cccc(Br)c3)ncnc2cn1,9.358579326730814,0.5122032504279255,9.58747202473561,-0.49826339592558,-0.06994890477262028,-0.530175827295281
C=CC(=O)NC1=NC=C2N=CN=C(Nc3cccc(OC)c3)C21,8.72597972937778,0.0506839029382088,0.8333853565528977,309.32900000000006,1.7194,87.44000000000001,2,6,0.0,9.09198850471602,C=CC(=O)NC1=NC=C2N=CN=C(Nc3cccc(C)c3)C21,9.225868842634966,0.8182257163781242,9.623413495652406,-0.4998891132571863,0.015159640174773448,-0.5314249909363848
CN(C)C/C=C/C(=O)Nc1ccc2ncnc3c2c1CCN3c1ccc(Cl)c(Cl)c1,8.798595766768036,0.0403579729075848,0.5814863659742058,442.35000000000014,4.687100000000004,61.36000000000001,1,5,0.0,9.048980976847556,CN(C)C/C=C/C(=O)Nc1ccc2ncnc3c2c1CCN3c1ccc(F)c(Cl)c1,9.314458806464838,0.6214205553234822,9.58041020053087,-0.5158630396968018,-0.039934189349276394,-0.5314292236833147
N=C(O)CCCNc1c(Br)cccc1Nc1ncnc2ccncc12,8.94675006424257,0.0148986679586586,0.2678322583129494,401.26800000000014,4.258270000000001,106.81,4,6,0.0,9.065767525440387,O=C(O)CCCNc1c(Br)cccc1Nc1ncnc2ccncc12,9.35150962487041,0.5170252665618642,9.598318997691685,-0.4047595606278396,-0.24919300824891483,-0.5325514722512974
CC(O)CNc1cc2c(Nc3cccc(Br)c3)ncnc2cn1,8.758857966570991,0.0245255975981956,0.635645280762051,374.2420000000001,3.3236000000000008,82.96,3,6,0.0,9.052155009353822,OCC(O)CNc1cc2c(Nc3cccc(Br)c3)ncnc2cn1,9.358579326730814,0.5122032504279255,9.58747202473561,-0.5997213601598226,0.12344203033412549,-0.5353170153817892
N=C(O)CCCNc1cc2ncnc(Nc3cccc(Br)c3)c2cn1,8.928348598899337,0.0213274408723396,0.2678322583129495,401.2680000000001,4.258270000000002,106.81,4,6,0.0,9.040937287183471,O=C(O)CCCNc1cc2ncnc(Nc3cccc(Br)c3)c2cn1,9.347422264803685,0.5170252665618643,9.583455041718128,-0.4190736659043477,-0.24919300824891483,-0.5425177545346571
O=C(O)OCCCNc1cc2ncnc(Nc3cccc(Br)c3)c2cn1,8.858563683642027,0.0157107626227064,0.3899410201394932,418.2510000000001,4.0275000000000025,109.26,3,7,0.0,9.037823431089066,O=C(O)CCCNc1cc2ncnc(Nc3cccc(Br)c3)c2cn1,9.347422264803685,0.5170252665618643,9.583455041718128,-0.4888585811616579,-0.1270842464223711,-0.5456316106290622
C=CC(=O)Nc1nc2c(Cc3ccc(F)c(Cl)c3)ncnc2cc1/C=C/CCN1CCCC1,9.332849736704796,0.0243688867017532,0.4721874075944484,465.9600000000003,5.031700000000003,71.01,1,5,0.5,9.044574553800269,C=CC(=O)Nc1nc2c(Cc3ccc(F)c(Cl)c3)ncnc2cc1/C=C/CCN1CCOCC1,9.382153026658898,0.4839275266830337,9.596193109686268,-0.049303289954101714,-0.011740119088585299,-0.5516185558859998
OOCC(O)CNc1cc2c(Nc3cccc(Br)c3)ncnc2cn1,8.868621719956677,0.0177722833740453,0.3501684233572865,406.24000000000007,2.7933000000000003,112.42,4,8,0.0,9.025933648261274,OCC(O)CNc1cc2c(Nc3cccc(Br)c3)ncnc2cn1,9.358579326730814,0.5122032504279255,9.58747202473561,-0.48995760677413713,-0.162034827070639,-0.5615383764743367
C=CC(=N)C(C)c1cc2c(Nc3cccc(Br)c3)ncnc2cn1,8.81232711905983,0.0598348796102432,0.6195224659014356,382.265,4.840170000000003,74.55000000000001,2,5,0.0,9.062253472400306,C=CC(=O)C(C)c1cc2c(Nc3cccc(Br)c3)ncnc2cn1,9.331955814487577,0.6622425832625197,9.62464397069617,-0.5196286954277465,-0.042720117361084164,-0.5623904982958638
O=C(O)COCCNc1cc2ncnc(Nc3cccc(Br)c3)c2cn1,8.809369295544494,0.0325170730810767,0.4793010602615508,418.2510000000001,3.0440000000000005,109.26,3,7,0.0,9.016502752594192,O=C(O)CCCNc1cc2ncnc(Nc3cccc(Br)c3)c2cn1,9.347422264803685,0.5170252665618643,9.583455041718128,-0.5380529692591907,-0.037724206300313534,-0.566952289123936
C=CC(=O)NC1=CC=C2N=CN=C(Nc3cccc(OC)c3)C21,8.590465403911567,0.0451078536010246,0.8377362636829558,308.34100000000007,2.2473,75.08,2,5,0.0,8.964225682152021,C=CC(=O)NC1=CC=C2N=CN=C(Nc3cccc(C)c3)C21,9.148910562934578,0.8407986245812334,9.539862393436406,-0.5584451590230106,-0.003062360898277605,-0.5756367112843854
CN(CCN)c1cc2c(Nc3cccc(Br)c3)ncnc2cn1,8.604875312693071,0.046784803467042,0.7160204204136573,373.258,2.9258000000000006,79.96,2,6,0.0,8.916100719432857,CN(CCO)c1cc2c(Nc3cccc(Br)c3)ncnc2cn1,9.187915453581798,0.7154897998540194,9.52460038627166,-0.5830401408887269,0.0005306205596379288,-0.608499666838803
O=C(O)OCCCNc1c(Br)cccc1Nc1ncnc2ccncc12,8.808830378886801,0.0340941857963532,0.3899410201394932,418.25100000000015,4.027500000000002,109.26,3,7,0.0,8.969706703160194,O=C(O)CCCNc1c(Br)cccc1Nc1ncnc2ccncc12,9.35150962487041,0.5170252665618642,9.598318997691685,-0.5426792459836083,-0.12708424642237098,-0.6286122945314911
O=C(O)COCCNc1c(Br)cccc1Nc1ncnc2ccncc12,8.75588173023745,0.0315408903770204,0.4793010602615508,418.25100000000015,3.0440000000000005,109.26,3,7,0.0,8.963991369991206,O=C(O)CCCNc1c(Br)cccc1Nc1ncnc2ccncc12,9.35150962487041,0.5170252665618642,9.598318997691685,-0.5956278946329601,-0.03772420630031342,-0.634327627700479
OCC(O)COc1cc2c(Nc3cccc(Br)c3)ncnc2cn1,8.671498182542987,0.0182986617896237,0.5927599112347189,391.2250000000001,2.2628999999999992,100.39,3,7,0.0,8.949579476370722,OCC(O)CNc1cc2c(Nc3cccc(Br)c3)ncnc2cn1,9.358579326730814,0.5122032504279255,9.58747202473561,-0.6870811441878271,0.08055666080679347,-0.6378925483648885
C=CC(=O)Nc1nc2c(Cc3ccc(Cl)c(Cl)c3)ncnc2cc1/C=C/CCN1CCOCC1,8.772067758531161,0.0645064392692472,0.4505534775423813,498.4140000000004,4.782400000000005,80.24000000000001,1,6,0.0,8.932838058033106,C=CC(=O)Nc1nc2c(Cc3ccc(F)c(Cl)c3)ncnc2cc1/C=C/CCN1CCOCC1,9.382153026658898,0.4839275266830337,9.596193109686268,-0.6100852681277367,-0.033374049140652395,-0.6633550516531628
O=C(C=CO)Nc1nc2c(Cc3ccc(F)c(Cl)c3)ncnc2cc1/C=C/CCN1CCOCC1,8.781086296786631,0.0319533229320321,0.3558628072830425,497.9580000000004,4.153800000000003,100.47,2,7,0.0,8.92706437749612,C=CC(=O)Nc1nc2c(Cc3ccc(F)c(Cl)c3)ncnc2cc1/C=C/CCN1CCOCC1,9.382153026658898,0.4839275266830337,9.596193109686268,-0.601066729872267,-0.1280647193999912,-0.6691287321901491
OCOCNc1c(Br)cccc1Nc1ncnc2ccncc12,8.677909787002948,0.0103791822492867,0.4500817764007963,376.2140000000001,2.8667,92.19,3,7,0.0,8.89257149295406,OCCNc1c(Br)cccc1Nc1ncnc2ccncc12,9.3692884724959,0.6490621421214131,9.661624190949633,-0.6913786854929516,-0.19898036572061684,-0.7690526979955727
OCC(O)CNc1cc2c(Nc3cccc(Cl)c3)ncnc2cn1,8.571568161144171,0.0380866947155525,0.542629683867197,345.7900000000001,2.1869,103.19,4,7,0.0,8.804796308362217,OCC(O)CNc1cc2c(Nc3cccc(Br)c3)ncnc2cn1,9.358579326730814,0.5122032504279255,9.58747202473561,-0.7870111655866427,0.03042643343927154,-0.7826757163733937
OCC(O)OCNc1cc2c(Nc3cccc(Br)c3)ncnc2cn1,8.59095639102209,0.0282949963364211,0.4422543456553051,406.2400000000001,2.227599999999999,112.42,4,8,0.0,8.783788567513321,OCC(O)CNc1cc2c(Nc3cccc(Br)c3)ncnc2cn1,9.358579326730814,0.5122032504279255,9.58747202473561,-0.7676229357087241,-0.06994890477262039,-0.8036834572222897
CN(C)C/C=C/C(=N)Nc1ccc2ncnc3c2c1CCN3c1ccc(F)c(Cl)c1,8.589951689264819,0.0473845404666905,0.4616137644926778,424.9110000000002,4.623470000000004,68.14,2,5,0.0,8.773374031044467,CN(C)C/C=C/C(=O)Nc1ccc2ncnc3c2c1CCN3c1ccc(F)c(Cl)c1,9.314458806464838,0.6214205553234822,9.58041020053087,-0.7245071172000195,-0.15980679083080435,-0.8070361694864037
C=COC(=O)Nc1nc2c(Cc3ccc(F)c(Cl)c3)ncnc2cc1/C=C/CCN1CCOCC1,8.591494950379039,0.0253043206913017,0.4454231570566717,497.9580000000004,4.835600000000005,89.47,1,7,0.0,8.788902208216074,C=CC(=O)Nc1nc2c(Cc3ccc(F)c(Cl)c3)ncnc2cc1/C=C/CCN1CCOCC1,9.382153026658898,0.4839275266830337,9.596193109686268,-0.7906580762798594,-0.038504369626362,-0.8072909014701946
C=CC(=O)Nc1nc2c(Cc3ccc(F)c(F)c3)ncnc2cc1/C=C/CCN1CCOCC1,8.583147714405923,0.0651572627686648,0.5106541055933019,465.5040000000003,3.7538000000000022,80.24000000000001,1,6,0.0,8.77331750443391,C=CC(=O)Nc1nc2c(Cc3ccc(F)c(Cl)c3)ncnc2cc1/C=C/CCN1CCOCC1,9.382153026658898,0.4839275266830337,9.596193109686268,-0.7990053122529748,0.02672657891026825,-0.8228756052523583
OCOCNc1cc2c(Nc3cccc(Br)c3)ncnc2cn1,8.72683581950509,0.0276127141361758,0.4500817764007963,376.21400000000006,2.8667000000000007,92.19,3,7,0.0,8.924263993569314,OCCNc1cc2c(Nc3cccc(Br)c3)ncnc2cn1,9.440956388733865,0.6490621421214131,9.7541731162893,-0.7141205692287738,-0.19898036572061684,-0.829909122719986
OCCNc1cc2c(Nc3cccc(Cl)c3)ncnc2cn1,8.61253200972106,0.035665512428236,0.6713140375099609,315.76400000000007,2.8260000000000005,82.96,3,6,0.0,8.912523516047804,OCCNc1cc2c(Nc3cccc(Br)c3)ncnc2cn1,9.440956388733865,0.6490621421214131,9.7541731162893,-0.8284243790128052,0.02225189538854777,-0.8416496002414959
NCCNc1cc2ncnc(Nc3cccc(Br)c3)c2cn1,8.59981973899311,0.0181460263742759,0.6492450710868106,359.231,2.9015000000000004,88.75,3,6,0.0,8.906296248162239,OCCNc1cc2ncnc(Nc3cccc(Br)c3)c2cn1,9.45207561134018,0.6490621421214131,9.755787891088552,-0.8522558723470688,0.0001829289653975108,-0.8494916429263135
OOCCNc1c(Br)cccc1Nc1ncnc2ccncc12,8.667001012928177,0.0351791042451799,0.3448569354371107,376.2140000000001,3.432400000000001,92.19,3,7,0.0,8.804250376401551,OCCNc1c(Br)cccc1Nc1ncnc2ccncc12,9.3692884724959,0.6490621421214131,9.661624190949633,-0.7022874595677226,-0.3042052066843024,-0.8573738145480814
OCOCNc1cc2ncnc(Nc3cccc(Br)c3)c2cn1,8.675654302098598,0.0115438598247034,0.4500817764007963,376.21400000000006,2.8667000000000007,92.19,3,7,0.0,8.889151330474293,OCCNc1cc2ncnc(Nc3cccc(Br)c3)c2cn1,9.45207561134018,0.6490621421214131,9.755787891088552,-0.7764213092415808,-0.19898036572061684,-0.8666365606142588
CN(C)C/C=C/OC(=O)Nc1ccc2ncnc3c2c1CCN3c1ccc(F)c(Cl)c1,8.451386839625059,0.042431567370141,0.5765113018237119,441.8940000000002,4.740300000000004,70.58999999999999,1,6,0.0,8.697210923166773,CN(C)C/C=C/C(=O)Nc1ccc2ncnc3c2c1CCN3c1ccc(F)c(Cl)c1,9.314458806464838,0.6214205553234822,9.58041020053087,-0.8630719668397795,-0.04490925349977026,-0.8831992773640973
OOCCNc1cc2ncnc(Nc3cccc(Br)c3)c2cn1,8.719647251352605,0.0207998435234863,0.3448569354371108,376.21400000000006,3.432400000000001,92.19,3,7,0.0,8.871275875547674,OCCNc1cc2ncnc(Nc3cccc(Br)c3)c2cn1,9.45207561134018,0.6490621421214131,9.755787891088552,-0.7324283599875745,-0.3042052066843023,-0.8845120155408779
NCCNc1cc2c(Nc3cccc(Br)c3)ncnc2cn1,8.54515267121245,0.0125517370375619,0.6492450710868106,359.23100000000005,2.9015000000000004,88.75,3,6,0.0,8.857223469718294,OCCNc1cc2c(Nc3cccc(Br)c3)ncnc2cn1,9.440956388733865,0.6490621421214131,9.7541731162893,-0.8958037175214137,0.0001829289653975108,-0.8969496465710058
CNc1cc2ncnc(Nc3cccc(Cl)c3)c2cn1,8.24489608551428,0.0185906154849959,0.7714383625489651,285.73800000000006,3.4635000000000007,62.73,2,5,0.0,8.612024651303768,CNc1cc2ncnc(Nc3cccc(Br)c3)c2cn1,9.150625171571486,0.7686164717854101,9.520731468576212,-0.9057290860572049,0.0028218907635549906,-0.908706817272444
CN1CCN(CCC(=N)Nc2ccc3ncnc(Nc4cccc(Br)c4)c3c2)CC1,8.604702934618079,0.0263202781392328,0.3725384292107828,468.4030000000002,4.162570000000001,80.17,3,6,0.0,8.764651871084236,CN1CCN(CCC(=O)Nc2ccc3ncnc(Nc4cccc(Br)c4)c3c2)CC1,9.408758181162073,0.5737333346179045,9.678590282753298,-0.8040552465439941,-0.20119490540712176,-0.9139384116690614
O=C(CCN1CCCCCO1)Nc1ccc2ncnc(Nc3cccc(Br)c3)c2c1,8.410260961347124,0.0205140446867082,0.5347485743288358,470.3710000000001,4.882000000000003,79.38,2,6,0.0,8.657121203824834,O=C(CCN1CCCCC1)Nc1ccc2ncnc(Nc3cccc(Br)c3)c2c1,9.313859947685312,0.5517540108550381,9.57171395514685,-0.9035989863381886,-0.017005436526202233,-0.9145927513220151
NCCNc1c(Br)cccc1Nc1ncnc2ccncc12,8.44385089515634,0.0282569280736603,0.6492450710868106,359.23100000000005,2.9015000000000004,88.75,3,6,0.0,8.740216502626085,OCCNc1c(Br)cccc1Nc1ncnc2ccncc12,9.3692884724959,0.6490621421214131,9.661624190949633,-0.9254375773395598,0.0001829289653975108,-0.9214076883235478
CN(OCCO)c1cc2c(Nc3cccc(Br)c3)ncnc2cn1,8.321921897700129,0.0392961349017981,0.6265265096325218,390.2410000000001,2.891000000000001,83.4,2,7,0.0,8.595889017614592,CN(CCO)c1cc2c(Nc3cccc(Br)c3)ncnc2cn1,9.187915453581798,0.7154897998540194,9.52460038627166,-0.8659935558816692,-0.08896329022149763,-0.9287113686570674
CCNc1cc2c(Nc3cccc(Br)c3)ncnc2cn1,8.471346218027902,0.0218991775872208,0.7500576112065792,344.216,3.9627000000000026,62.73,2,5,0.0,8.82447584604397,OCCNc1cc2c(Nc3cccc(Br)c3)ncnc2cn1,9.440956388733865,0.6490621421214131,9.7541731162893,-0.9696101707059626,0.1009954690851661,-0.9296972702453292
C=CC(=O)Nc1nc2c(Cc3ccc(F)c(Cl)c3)ncnc2cc1/C=C/COCN1CCOCC1,8.538839238481271,0.0517262633456286,0.3545177046410208,497.9580000000004,3.852100000000002,89.47000000000001,1,7,0.0,8.664371827456154,C=CC(=O)Nc1nc2c(Cc3ccc(F)c(Cl)c3)ncnc2cc1/C=C/CCN1CCOCC1,9.382153026658898,0.4839275266830337,9.596193109686268,-0.8433137881776265,-0.1294098220420129,-0.9318212822301142
CCNc1cc2ncnc(Nc3cccc(Br)c3)c2cn1,8.451090103517625,0.0179950048211729,0.7500576112065792,344.216,3.9627000000000017,62.73,2,5,0.0,8.808123904299741,OCCNc1cc2ncnc(Nc3cccc(Br)c3)c2cn1,9.45207561134018,0.6490621421214131,9.755787891088552,-1.0009855078225538,0.1009954690851661,-0.947663986788811
CN1CCON(CCC(=O)Nc2ccc3ncnc(Nc4cccc(Br)c4)c3c2)CC1,8.469155555773924,0.0324586751899592,0.5518621847346737,485.3860000000002,3.643500000000001,82.62,2,7,0.0,8.712627972951301,CN1CCN(CCC(=O)Nc2ccc3ncnc(Nc4cccc(Br)c4)c3c2)CC1,9.408758181162073,0.5737333346179045,9.678590282753298,-0.9396026253881491,-0.0218711498832308,-0.9659623098019967
O=C(O)CCCOc1cc2ncnc(Nc3cccc(Br)c3)c2cn1,8.341255632468997,0.0270455731982125,0.5798181205997396,403.2360000000001,3.7745000000000015,97.23,2,6,0.0,8.604119119570655,O=C(O)CCCNc1cc2ncnc(Nc3cccc(Br)c3)c2cn1,9.347422264803685,0.5170252665618643,9.583455041718128,-1.006166632334688,0.06279285403787527,-0.9793359221474738
OCC(O)CNc1cc2c(Nc3cccc(F)c3)ncnc2cn1,8.402668545521212,0.0677324851517829,0.545305619738572,329.33500000000004,1.6726,103.19,4,7,0.0,8.607588870238715,OCC(O)CNc1cc2c(Nc3cccc(Br)c3)ncnc2cn1,9.358579326730814,0.5122032504279255,9.58747202473561,-0.9559107812096013,0.03310236931064647,-0.9798831544968962
OOCCNc1cc2c(Nc3cccc(Br)c3)ncnc2cn1,8.629932544715507,0.0298310648296704,0.3448569354371108,376.21400000000006,3.432400000000001,92.19,3,7,0.0,8.772529947604392,OCCNc1cc2c(Nc3cccc(Br)c3)ncnc2cn1,9.440956388733865,0.6490621421214131,9.7541731162893,-0.8110238440183579,-0.3042052066843023,-0.9816431686849079
O=C(O)CCCOc1c(Br)cccc1Nc1ncnc2ccncc12,8.373052048297598,0.0638763919692615,0.5798181205997396,403.2360000000001,3.7745000000000015,97.23,2,6,0.0,8.599084716628207,O=C(O)CCCNc1c(Br)cccc1Nc1ncnc2ccncc12,9.35150962487041,0.5170252665618642,9.598318997691685,-0.9784575765728114,0.06279285403787538,-0.9992342810634778
OCCN(CO)c1cc2c(Nc3cccc(Br)c3)ncnc2cn1,8.275778858725698,0.0388290698820186,0.5562043843863418,390.241,2.279399999999999,94.4,3,7,0.0,8.51505198103685,CN(CCO)c1cc2c(Nc3cccc(Br)c3)ncnc2cn1,9.187915453581798,0.7154897998540194,9.52460038627166,-0.9121365948561007,-0.1592854154676776,-1.0095484052348098
OCCNc1cc2c(Nc3cccc(F)c3)ncnc2cn1,8.447938217315489,0.0509387053527107,0.6703858705355122,299.309,2.3117,82.96,3,6,0.0,8.732192447230535,OCCNc1cc2c(Nc3cccc(Br)c3)ncnc2cn1,9.440956388733865,0.6490621421214131,9.7541731162893,-0.9930181714183757,0.02132372841409913,-1.021980669058765
O=C(O)CCCNc1cc2ncnc(Oc3cccc(Br)c3)c2cn1,8.324772421644692,0.0577798753851287,0.5785155294323462,403.2360000000001,3.856300000000002,97.23,2,6,0.0,8.556250310975736,O=C(O)CCCNc1cc2ncnc(Nc3cccc(Br)c3)c2cn1,9.347422264803685,0.5170252665618643,9.583455041718128,-1.0226498431589928,0.06149026287048187,-1.0272047307423922
CCNc1c(Br)cccc1Nc1ncnc2ccncc12,8.274770773262746,0.0209235387870317,0.7500576112065792,344.21600000000007,3.9627000000000008,62.73,2,5,0.0,8.628876040079003,OCCNc1c(Br)cccc1Nc1ncnc2ccncc12,9.3692884724959,0.6490621421214131,9.661624190949633,-1.094517699233153,0.1009954690851661,-1.0327481508706295
OCCOc1cc2c(Nc3cccc(Br)c3)ncnc2cn1,8.397314251640074,0.0404477938868948,0.727544283717289,361.19900000000007,2.902,80.16000000000001,2,6,0.0,8.720638599611824,OCCNc1cc2c(Nc3cccc(Br)c3)ncnc2cn1,9.440956388733865,0.6490621421214131,9.7541731162893,-1.0436421370937907,0.07848214159587585,-1.0335345166774754
O=C(CCN1CCCCC1)Oc1ccc2ncnc(Nc3cccc(Br)c3)c2c1,8.350677247537385,0.0386569870921436,0.4206921586777238,455.3560000000001,4.9173000000000044,67.35000000000001,1,6,0.0,8.522366339784103,O=C(CCN1CCCCC1)Nc1ccc2ncnc(Nc3cccc(Br)c3)c2c1,9.313859947685312,0.5517540108550381,9.57171395514685,-0.963182700147927,-0.13106185217731425,-1.0493476153627466
OCCNc1cc2c(Oc3cccc(Br)c3)ncnc2cn1,8.422386756124904,0.0861019730885486,0.7274102033496662,361.19900000000007,2.9838000000000013,80.16,2,6,0.0,8.699989884711188,OCCNc1cc2c(Nc3cccc(Br)c3)ncnc2cn1,9.440956388733865,0.6490621421214131,9.7541731162893,-1.0185696326089602,0.07834806122825311,-1.0541832315781114
OCC(O)CNc1cc2c(Oc3cccc(Br)c3)ncnc2cn1,8.320101612032888,0.099469451220672,0.5931506391996018,391.225,2.3447,100.39,3,7,0.0,8.517207480412017,OCC(O)CNc1cc2c(Nc3cccc(Br)c3)ncnc2cn1,9.358579326730814,0.5122032504279255,9.58747202473561,-1.038477714697926,0.08094738877167629,-1.070264544323594
OCCNc1cc2ncnc(Oc3cccc(Br)c3)c2cn1,8.379356872567993,0.062121365792897,0.7274102033496662,361.199,2.9838000000000005,80.16,2,6,0.0,8.680940608449928,OCCNc1cc2ncnc(Nc3cccc(Br)c3)c2cn1,9.45207561134018,0.6490621421214131,9.755787891088552,-1.0727187387721866,0.07834806122825311,-1.0748472826386237
CNc1cc2ncnc(Nc3cccc(F)c3)c2cn1,8.081783144898694,0.021886142392526,0.7650635727958764,269.283,2.9492000000000003,62.73,2,5,0.0,8.442428788904106,CNc1cc2ncnc(Nc3cccc(Br)c3)c2cn1,9.150625171571486,0.7686164717854101,9.520731468576212,-1.068842026672792,-0.0035528989895337038,-1.078302679672106
CN1CCN(CCC(=O)Oc2ccc3ncnc(Nc4cccc(Br)c4)c3c2)CC1,8.406998741910787,0.0351032925918914,0.4355272607269537,470.37100000000015,3.6788000000000016,70.59,1,7,0.0,8.589659079682372,CN1CCN(CCC(=O)Nc2ccc3ncnc(Nc4cccc(Br)c4)c3c2)CC1,9.408758181162073,0.5737333346179045,9.678590282753298,-1.0017594392512859,-0.13820607389095085,-1.088931203070926
CNc1cc2ncnc(Oc3cccc(Br)c3)c2cn1,8.065171183641587,0.0578666111707493,0.7942321553612344,331.17300000000006,3.6213000000000015,59.93000000000001,1,5,0.0,8.404420650151454,CNc1cc2ncnc(Nc3cccc(Br)c3)c2cn1,9.150625171571486,0.7686164717854101,9.520731468576212,-1.085453987929899,0.025615683575824222,-1.1163108184247577
CN(C)C/C=C/C(=O)Nc1ccc2ncnc3c2c1CCN3c1ccc(F)c(F)c1,8.200953137336542,0.0691766249061761,0.6520229377098611,409.4400000000001,3.658500000000002,61.36000000000001,1,5,0.0,8.457787981285298,CN(C)C/C=C/C(=O)Nc1ccc2ncnc3c2c1CCN3c1ccc(F)c(Cl)c1,9.314458806464838,0.6214205553234822,9.58041020053087,-1.1135056691282958,0.030602382386378912,-1.1226222192455726
CN1CCN(OCCC(=O)Nc2ccc3ncnc(Nc4cccc(Br)c4)c3c2)CC1,8.265642035246538,0.0340695752649459,0.5289529013526226,485.3860000000002,3.643500000000001,82.62,2,7,0.0,8.496048910657903,CN1CCN(CCC(=O)Nc2ccc3ncnc(Nc4cccc(Br)c4)c3c2)CC1,9.408758181162073,0.5737333346179045,9.678590282753298,-1.1431161459155348,-0.044780433265281916,-1.182541372095395
CN(C)C/C=C/C(=O)Nc1ccc2ncnc3c2c1CCN3c1ccc(F)c(OCl)c1,8.15356124729944,0.0578076030502204,0.5817639933759341,441.8940000000001,4.052000000000002,70.59,1,6,0.0,8.386635640937186,CN(C)C/C=C/C(=O)Nc1ccc2ncnc3c2c1CCN3c1ccc(F)c(Cl)c1,9.314458806464838,0.6214205553234822,9.58041020053087,-1.1608975591653987,-0.039656561947548075,-1.1937745595936846
OCCNc1c(Br)cccc1Oc1ncnc2ccncc12,8.155931304261314,0.0961782783671598,0.7274102033496662,361.19900000000007,2.9838000000000005,80.16,2,6,0.0,8.423458127568987,OCCNc1c(Br)cccc1Nc1ncnc2ccncc12,9.3692884724959,0.6490621421214131,9.661624190949633,-1.2133571682345856,0.07834806122825311,-1.2381660633806462
O=C(CCN1CCCCC1)Nc1ccc2ncnc(Oc3cccc(Br)c3)c2c1,8.088555976058469,0.0469979144258237,0.5668954365105789,455.35600000000017,4.999100000000005,67.35000000000001,1,5,0.0,8.325005779887935,O=C(CCN1CCCCC1)Nc1ccc2ncnc(Nc3cccc(Br)c3)c2c1,9.313859947685312,0.5517540108550381,9.57171395514685,-1.2253039716268432,0.015141425655540885,-1.2467081752589149
C=CC(=O)C(C)c1cc2c(Nc3cccc(F)c3)ncnc2cn1,8.055868548513601,0.0408851255862054,0.7243258575397297,322.343,3.7661000000000016,67.77000000000001,1,5,0.0,8.37714635169726,C=CC(=O)C(C)c1cc2c(Nc3cccc(Br)c3)ncnc2cn1,9.331955814487577,0.6622425832625197,9.62464397069617,-1.2760872659739757,0.06208327427720994,-1.24749761899891
CN(CCO)c1cc2c(Nc3cccc(F)c3)ncnc2cn1,7.94280677003759,0.0536210452600389,0.7529485571366591,313.336,2.3359999999999994,74.17,2,6,0.0,8.26566000334588,CN(CCO)c1cc2c(Nc3cccc(Br)c3)ncnc2cn1,9.187915453581798,0.7154897998540194,9.52460038627166,-1.245108683544208,0.0374587572826397,-1.258940382925779
C=CC(=O)NC1=NC=C2N=CN=C(Oc3cccc(C)c3)C21,7.978024003269672,0.0470900540761261,0.8468415391208262,294.314,1.98612,75.41000000000001,1,5,0.0,8.35435471875396,C=CC(=O)NC1=NC=C2N=CN=C(Nc3cccc(C)c3)C21,9.225868842634966,0.8182257163781242,9.623413495652406,-1.2478448393652943,0.028615822742701913,-1.2690587768984454
O=C(O)CCCNc1c(Br)cccc1Oc1ncnc2ccncc12,8.118503395379637,0.0888088268020087,0.5785155294323462,403.23600000000016,3.856300000000002,97.23,2,6,0.0,8.318952333293801,O=C(O)CCCNc1c(Br)cccc1Nc1ncnc2ccncc12,9.35150962487041,0.5170252665618642,9.598318997691685,-1.2330062294907727,0.06149026287048198,-1.2793666643978838
C=CC(=O)NC1=CC=C2N=CN=C(Oc3cccc(C)c3)C21,7.863392510703437,0.0428876065758064,0.8703387412996787,293.326,2.5140200000000004,63.05,1,4,0.0,8.25567427477747,C=CC(=O)NC1=CC=C2N=CN=C(Nc3cccc(C)c3)C21,9.148910562934578,0.8407986245812334,9.539862393436406,-1.285518052231141,0.029540116718445253,-1.2841881186589372
C=CC(=O)C(C)c1cc2c(Nc3cccc(Cl)c3)ncnc2cn1,8.040837317134038,0.0560308932629186,0.7030953244795115,338.79800000000006,4.280400000000002,67.77000000000001,1,5,0.0,8.336354086110875,C=CC(=O)C(C)c1cc2c(Nc3cccc(Br)c3)ncnc2cn1,9.331955814487577,0.6622425832625197,9.62464397069617,-1.2911184973535388,0.040852741216991784,-1.2882898845852946
CN(CCO)c1cc2c(Nc3cccc(Cl)c3)ncnc2cn1,7.908162248766668,0.0501471231518531,0.7494910158547182,329.79100000000005,2.8503000000000007,74.17,2,6,0.0,8.232760633542172,CN(CCO)c1cc2c(Nc3cccc(Br)c3)ncnc2cn1,9.187915453581798,0.7154897998540194,9.52460038627166,-1.2797532048151306,0.03400121600069883,-1.2918397527294871
OCCOc1c(Br)cccc1Nc1ncnc2ccncc12,8.023708467480981,0.0264160747800348,0.727544283717289,361.19900000000007,2.9019999999999992,80.16000000000001,2,6,0.0,8.36106453455959,OCCNc1c(Br)cccc1Nc1ncnc2ccncc12,9.3692884724959,0.6490621421214131,9.661624190949633,-1.3455800050149183,0.07848214159587585,-1.3005596563900426
CN1CCN(CCC(=O)Nc2ccc3ncnc(Oc4cccc(Br)c4)c3c2)CC1,8.130364935288906,0.0607882011775053,0.5919256703793867,470.3710000000002,3.760600000000002,70.59,1,6,0.0,8.365539569301093,CN1CCN(CCC(=O)Nc2ccc3ncnc(Nc4cccc(Br)c4)c3c2)CC1,9.408758181162073,0.5737333346179045,9.678590282753298,-1.2783932458731666,0.01819233576148216,-1.3130507134522045
C=CC(=O)Nc1nc2c(OCc3ccc(F)c(Cl)c3)ncnc2cc1/C=C/CCN1CCOCC1,8.0952109372685,0.0611658172713555,0.4417470457937803,497.9580000000004,4.256300000000003,89.47,1,7,0.0,8.254918642894035,C=CC(=O)Nc1nc2c(Cc3ccc(F)c(Cl)c3)ncnc2cc1/C=C/CCN1CCOCC1,9.382153026658898,0.4839275266830337,9.596193109686268,-1.2869420893903971,-0.04218048088925336,-1.3412744667922336
OCCOc1cc2ncnc(Nc3cccc(Br)c3)c2cn1,8.03386251207736,0.0241220072851819,0.727544283717289,361.19900000000007,2.902,80.16,2,6,0.0,8.373512646650822,OCCNc1cc2ncnc(Nc3cccc(Br)c3)c2cn1,9.45207561134018,0.6490621421214131,9.755787891088552,-1.41821309926282,0.07848214159587585,-1.3822752444377304
N=C(CCN1CCCCC1)Nc1ccc2ncnc(Nc3cccc(Br)c3)c2c1,8.538485177933257,0.0390816602280582,0.3442001958312968,453.3880000000001,5.401070000000004,76.93,3,5,0.5,8.171503615620848,O=C(CCN1CCCCC1)Nc1ccc2ncnc(Nc3cccc(Br)c3)c2c1,9.313859947685312,0.5517540108550381,9.57171395514685,-0.7753747697520552,-0.20755381502374126,-1.4002103395260015
O=C(O)CCCNc1cc2ncnc(Nc3cccc(Cl)c3)c2cn1,7.896341737120163,0.0336874216722272,0.5541186007136436,357.80100000000004,3.698500000000001,100.03,3,6,0.0,8.139713615804759,O=C(O)CCCNc1cc2ncnc(Nc3cccc(Br)c3)c2cn1,9.347422264803685,0.5170252665618643,9.583455041718128,-1.451080527683522,0.03709333415177929,-1.4437414259133696
C=CC(=O)Nc1nc2c(Cc3ccc(F)c(OCl)c3)ncnc2cc1/C=C/CCN1CCOCC1,7.971688676339208,0.0523662330119402,0.4441067178871901,497.9580000000004,4.147300000000002,89.47,1,7,0.0,8.141375802270863,C=CC(=O)Nc1nc2c(Cc3ccc(F)c(Cl)c3)ncnc2cc1/C=C/CCN1CCOCC1,9.382153026658898,0.4839275266830337,9.596193109686268,-1.4104643503196899,-0.0398208087958436,-1.4548173074154054
O=C(O)CCCNc1cc2ncnc(Nc3cccc(F)c3)c2cn1,7.872940940827047,0.0395968995278689,0.567465460646474,341.34600000000006,3.1842000000000006,100.03,3,6,0.0,8.117076771622415,O=C(O)CCCNc1cc2ncnc(Nc3cccc(Br)c3)c2cn1,9.347422264803685,0.5170252665618643,9.583455041718128,-1.4744813239766374,0.050440194084609646,-1.4663782700957135
CN(C)C/C=C/C(=O)Nc1ccc2ncnc3c2c1CCN3c1ccc(Br)c(Cl)c1,7.877275600098147,0.0295523500661478,0.5251980875502507,486.80100000000016,4.796200000000004,61.36000000000001,1,5,0.0,8.110322293807124,CN(C)C/C=C/C(=O)Nc1ccc2ncnc3c2c1CCN3c1ccc(F)c(Cl)c1,9.314458806464838,0.6214205553234822,9.58041020053087,-1.437183206366691,-0.09622246777323151,-1.4700879067237462
COc1cc2ncnc(Nc3cccc(Br)c3)c2cn1,7.627470091885104,0.0157663485524464,0.795411943732026,331.17300000000006,3.539500000000002,59.93000000000001,1,5,0.0,8.00940971519867,CNc1cc2ncnc(Nc3cccc(Br)c3)c2cn1,9.150625171571486,0.7686164717854101,9.520731468576212,-1.523155079686382,0.0267954719466158,-1.5113217533775423
OCCNc1cc2ncnc(Nc3cccc(Cl)c3)c2cn1,7.932196012533252,0.0235249326638841,0.6713140375099609,315.764,2.8260000000000005,82.96,3,6,0.0,8.244328098624349,OCCNc1cc2ncnc(Nc3cccc(Br)c3)c2cn1,9.45207561134018,0.6490621421214131,9.755787891088552,-1.5198795988069271,0.02225189538854777,-1.511459792464203
C=CC(=N)Nc1nc2c(Cc3ccc(F)c(Cl)c3)ncnc2cc1/C=C/CCN1CCOCC1,7.949113796213548,0.0568747518729374,0.3581551115026937,480.9750000000003,4.718770000000005,87.02000000000001,2,6,0.0,8.071316600091958,C=CC(=O)Nc1nc2c(Cc3ccc(F)c(Cl)c3)ncnc2cc1/C=C/CCN1CCOCC1,9.382153026658898,0.4839275266830337,9.596193109686268,-1.4330392304453499,-0.12577241518034,-1.5248765095943106
OCCNc1cc2ncnc(Nc3cccc(F)c3)c2cn1,7.9130911832307635,0.0342957605048734,0.6703858705355122,299.309,2.3117,82.96,3,6,0.0,8.213988357993646,OCCNc1cc2ncnc(Nc3cccc(Br)c3)c2cn1,9.45207561134018,0.6490621421214131,9.755787891088552,-1.5389844281094156,0.02132372841409913,-1.5417995330949061
CN(C)C/C=C/C(=O)Nc1ccc2ncnc3c2c1CCN3c1ccc(F)c(Br)c1,7.727375336691294,0.03903189380784,0.5645204774161722,470.3460000000001,4.281900000000003,61.36000000000001,1,5,0.0,7.970603681591539,CN(C)C/C=C/C(=O)Nc1ccc2ncnc3c2c1CCN3c1ccc(F)c(Cl)c1,9.314458806464838,0.6214205553234822,9.58041020053087,-1.5870834697735443,-0.05690007790731,-1.6098065189393314
C=CC(=O)Nc1nc2c(Cc3ccc(F)c(Br)c3)ncnc2cc1/C=C/CCN1CCOCC1,8.293553230332744,0.04183393905005,0.4393735798793898,526.4100000000002,4.377200000000004,80.24000000000001,1,6,0.5,7.971406081222389,C=CC(=O)Nc1nc2c(Cc3ccc(F)c(Cl)c3)ncnc2cc1/C=C/CCN1CCOCC1,9.382153026658898,0.4839275266830337,9.596193109686268,-1.0885997963261538,-0.044553946803643885,-1.6247870284638797
O=C(CCN1CCCCC1)Nc1ccc2ncnc(Nc3cccc(F)c3)c2c1,7.627620316172769,0.0482068929823019,0.6524334825539695,393.4660000000001,4.327000000000003,70.15,2,5,0.0,7.905630164467452,O=C(CCN1CCCCC1)Nc1ccc2ncnc(Nc3cccc(Br)c3)c2c1,9.313859947685312,0.5517540108550381,9.57171395514685,-1.6862396315125432,0.10067947169893143,-1.666083790679398
CN1CCN(CCOC(=O)Nc2ccc3ncnc(Nc4cccc(Br)c4)c3c2)CC1,7.719862291800183,0.0329133947075836,0.5476759207924761,485.3860000000002,3.931800000000002,82.62,2,7,0.0,7.960786857488838,CN1CCN(CCC(=O)Nc2ccc3ncnc(Nc4cccc(Br)c4)c3c2)CC1,9.408758181162073,0.5737333346179045,9.678590282753298,-1.6888958893618895,-0.026057413825428477,-1.71780342526446
C=CC(=O)Nc1nc2c(Cc3ccc(Br)c(Cl)c3)ncnc2cc1/C=C/CCN1CCOCC1,8.166877763067689,0.0365261558549221,0.4083378700113582,542.8650000000001,4.891500000000005,80.24000000000001,1,6,0.5,7.834520542218446,C=CC(=O)Nc1nc2c(Cc3ccc(F)c(Cl)c3)ncnc2cc1/C=C/CCN1CCOCC1,9.382153026658898,0.4839275266830337,9.596193109686268,-1.2152752635912094,-0.0755896566716755,-1.7616725674678229
C=CC(=O)NC1=NC=C2N=CN=C(Nc3cccc(C)c3)OC21,7.511500852849485,0.0918523673868686,0.815812340509112,309.32900000000006,1.74572,87.44000000000001,2,6,0.0,7.827554655717172,C=CC(=O)NC1=NC=C2N=CN=C(Nc3cccc(C)c3)C21,9.225868842634966,0.8182257163781242,9.623413495652406,-1.7143679897854813,-0.0024133758690122464,-1.7958588399352333
C=CC(=O)NC1=CC=C2N=CN=C(Nc3cccc(C)c3)OC21,7.388990816639966,0.0750267331904326,0.8411920395255941,308.34100000000007,2.27362,75.08,2,5,0.0,7.73456010321233,C=CC(=O)NC1=CC=C2N=CN=C(Nc3cccc(C)c3)C21,9.148910562934578,0.8407986245812334,9.539862393436406,-1.759919746294612,0.0003934149443606261,-1.805302290224076
CN1CCN(CCC(=O)Nc2ccc3ncnc(Nc4cccc(F)c4)c3c2)CC1,7.5461280254542,0.0600407653830206,0.6531006120409428,408.48100000000017,3.0885000000000007,73.39,2,6,0.0,7.81263756609165,CN1CCN(CCC(=O)Nc2ccc3ncnc(Nc4cccc(Br)c4)c3c2)CC1,9.408758181162073,0.5737333346179045,9.678590282753298,-1.8626301557078726,0.07936727742303828,-1.8659527166616483
O=C(O)CCCNc1c(F)cccc1Nc1ncnc2ccncc12,7.488946868152459,0.0408591289982515,0.567465460646474,341.3460000000001,3.1842000000000006,100.03,3,6,0.0,7.731820469477444,O=C(O)CCCNc1c(Br)cccc1Nc1ncnc2ccncc12,9.35150962487041,0.5170252665618642,9.598318997691685,-1.862562756717951,0.05044019408460976,-1.8664985282142403
OCCNc1c(F)cccc1Nc1ncnc2ccncc12,7.48156853656913,0.0366583637374436,0.6703858705355122,299.3090000000001,2.3117,82.96,3,6,0.0,7.780103108099442,OCCNc1c(Br)cccc1Nc1ncnc2ccncc12,9.3692884724959,0.6490621421214131,9.661624190949633,-1.8877199359267696,0.02132372841409913,-1.881521082850191
C=CC(=O)Oc1nc2c(Cc3ccc(F)c(Cl)c3)ncnc2cc1/C=C/CCN1CCOCC1,7.545425901338271,0.0482839992450487,0.3508773582243778,482.9430000000003,4.235000000000003,77.44,0,7,0.0,7.672580581205411,C=CC(=O)Nc1nc2c(Cc3ccc(F)c(Cl)c3)ncnc2cc1/C=C/CCN1CCOCC1,9.382153026658898,0.4839275266830337,9.596193109686268,-1.8367271253206265,-0.13305016845865586,-1.9236125284808576
O=C(CCN1CCCCC1)Nc1ccc2ncnc(Nc3cccc(Cl)c3)c2c1,7.294631166154986,0.0397345748233339,0.6090792397956031,409.9210000000001,4.841300000000004,70.15,2,5,0.0,7.559436211229453,O=C(CCN1CCCCC1)Nc1ccc2ncnc(Nc3cccc(Br)c3)c2c1,9.313859947685312,0.5517540108550381,9.57171395514685,-2.0192287815303267,0.05732522894056502,-2.0122777439173962
CN1CCN(COCC(=O)Nc2ccc3ncnc(Nc4cccc(Br)c4)c3c2)CC1,7.3958709619845395,0.0243651448033994,0.5316645879819211,485.3860000000002,3.2959000000000014,82.62,2,7,0.0,7.6373381111721,CN1CCN(CCC(=O)Nc2ccc3ncnc(Nc4cccc(Br)c4)c3c2)CC1,9.408758181162073,0.5737333346179045,9.678590282753298,-2.012887219177533,-0.04206874663598348,-2.041252171581198
O=C(COCN1CCCCC1)Nc1ccc2ncnc(Nc3cccc(Br)c3)c2c1,7.237886472020814,0.0297357553607312,0.5283242367788611,470.3710000000001,4.534400000000003,79.38,2,6,0.0,7.472312835049514,O=C(CCN1CCCCC1)Nc1ccc2ncnc(Nc3cccc(Br)c3)c2c1,9.313859947685312,0.5517540108550381,9.57171395514685,-2.0759734756644983,-0.023429774076176968,-2.099401120097336
O=C(Nc1ccc2ncnc(Nc3cccc(Br)c3)c2c1)OCCN1CCCCC1,7.722676554444656,0.0274914092003815,0.5176850376401678,470.3710000000003,5.170300000000005,79.38,2,6,0.5,7.454027664064359,O=C(CCN1CCCCC1)Nc1ccc2ncnc(Nc3cccc(Br)c3)c2c1,9.313859947685312,0.5517540108550381,9.57171395514685,-1.591183393240656,-0.034068973214870235,-2.1176862910824905
CN1CCN(CCC(=O)Nc2ccc3ncnc(Nc4cccc(Cl)c4)c3c2)CC1,7.151611951827381,0.0417004858435149,0.6294423813938551,424.9360000000002,3.602800000000002,73.39,2,6,0.0,7.424632656680793,CN1CCN(CCC(=O)Nc2ccc3ncnc(Nc4cccc(Br)c4)c3c2)CC1,9.408758181162073,0.5737333346179045,9.678590282753298,-2.2571462293346913,0.055709046775950566,-2.2539576260725047
C=COC(=O)NC1=CC=C2N=CN=C(Nc3cccc(C)c3)C21,6.953322828784692,0.0912192978865468,0.8424607855515001,308.34100000000007,3.1146200000000013,75.08,2,5,0.0,7.283333923673895,C=CC(=O)NC1=CC=C2N=CN=C(Nc3cccc(C)c3)C21,9.148910562934578,0.8407986245812334,9.539862393436406,-2.1955877341498855,0.001662160970266613,-2.256528469762511
CN(C)C/C=C/C(=O)Oc1ccc2ncnc3c2c1CCN3c1ccc(F)c(Cl)c1,7.108263146643123,0.0489824759262215,0.3469881944181336,426.8790000000001,4.139700000000003,58.56000000000001,0,6,0.0,7.232774767925968,CN(C)C/C=C/C(=O)Nc1ccc2ncnc3c2c1CCN3c1ccc(F)c(Cl)c1,9.314458806464838,0.6214205553234822,9.58041020053087,-2.2061956598217147,-0.27443236090534856,-2.3476354326049025
O=C(O)CCCNc1c(Cl)cccc1Nc1ncnc2ccncc12,6.971708951053432,0.0397731127960993,0.5541186007136436,357.8010000000001,3.698500000000002,100.03,3,6,0.0,7.208995138614155,O=C(O)CCCNc1c(Br)cccc1Nc1ncnc2ccncc12,9.35150962487041,0.5170252665618642,9.598318997691685,-2.3798006738169777,0.0370933341517794,-2.38932385907753
C=COC(=O)NC1=NC=C2N=CN=C(Nc3cccc(C)c3)C21,6.896328310217494,0.1103036534933363,0.8230774058334553,309.32900000000006,2.586720000000001,87.44,2,6,0.0,7.197563359640886,C=CC(=O)NC1=NC=C2N=CN=C(Nc3cccc(C)c3)C21,9.225868842634966,0.8182257163781242,9.623413495652406,-2.3295405324174725,0.0048516894553310985,-2.42585013601152
OCCNc1c(Cl)cccc1Nc1ncnc2ccncc12,6.828935443876607,0.023199404832549,0.6713140375099609,315.76400000000007,2.8260000000000005,82.96,3,6,0.0,7.141393057799038,OCCNc1c(Br)cccc1Nc1ncnc2ccncc12,9.3692884724959,0.6490621421214131,9.661624190949633,-2.5403530286192924,0.02225189538854777,-2.5202311331505944
CN(CCO)c1cc2c(Oc3cccc(Br)c3)ncnc2cn1,6.6388441120756045,0.0671301843254695,0.7394096032185944,375.226,3.0081000000000016,71.37,1,6,0.0,6.941418729359432,CN(CCO)c1cc2c(Nc3cccc(Br)c3)ncnc2cn1,9.187915453581798,0.7154897998540194,9.52460038627166,-2.5490713415061936,0.023919803364575,-2.5831816569122275
C=CC(=O)C(C)c1cc2c(Oc3cccc(Br)c3)ncnc2cn1,6.765537581773313,0.0669489769379719,0.6089106194839201,384.23300000000006,4.438200000000003,64.97,0,5,0.0,7.003043914577301,C=CC(=O)C(C)c1cc2c(Nc3cccc(Br)c3)ncnc2cn1,9.331955814487577,0.6622425832625197,9.62464397069617,-2.5664182327142635,-0.05333196377859961,-2.6216000561188686
Cc1cccc(NC2=NC=NC3=CC=C(NC(=O)C=CO)C32)c1,5.982032071827271,0.0602730237807688,0.5919046925058978,308.34100000000007,2.4328199999999995,86.08,3,5,0.0,6.21771139429945,C=CC(=O)NC1=CC=C2N=CN=C(Nc3cccc(C)c3)C21,9.148910562934578,0.8407986245812334,9.539862393436406,-3.1668784911073073,-0.2488939320753356,-3.322150999136956
Cc1cccc(NC2=NC=NC3=CN=C(NC(=O)C=CO)C32)c1,5.913000046873952,0.0605543792309951,0.574561313097718,309.32900000000006,1.90492,98.44,3,6,0.0,6.139726324191816,C=CC(=O)NC1=NC=C2N=CN=C(Nc3cccc(C)c3)C21,9.225868842634966,0.8182257163781242,9.623413495652406,-3.3128687957610143,-0.24366440328040628,-3.4836871714605895
