smiles,predicted_pIC50,uncertainty,QED,MW,LogP,TPSA,HBD,HBA,penalty,final_score,parent_seed,parent_predicted_pIC50,parent_uncertainty,parent_QED,parent_final_score,delta_predicted_pIC50,delta_QED,delta_final_score
C=CC(=O)Nc1nc2c(Cc3ccc(F)c(Cl)c3)ncnc2cc1/C=C/CCN1CCNCC1,9.312070204931498,0.0362596739095995,0.4765559590971826,480.9750000000003,3.8411000000000017,83.04,2,6,0.0,9.51408851057049,C=CC(=O)Nc1nc2c(Cc3ccc(F)c(Cl)c3)ncnc2cc1/C=C/CCN1CCOCC1,9.382153026658898,0.0279236803141482,0.4839275266830337,9.596193109686268,-0.0700828217274001,-0.007371567585851058,-0.0821045991157785
N/C=C/C(=O)Cc1cc2c(Nc3cccc(Br)c3)ncnc2cn1,8.985485844546389,0.0124925336795073,0.65689403979231,384.2370000000001,3.1149000000000004,93.79,2,6,0.0,9.301440330763036,C/C=C/C(=O)Cc1cc2c(Nc3cccc(Br)c3)ncnc2cn1,9.155818320515056,0.0110277555703004,0.6685952655904649,9.479088197739989,-0.1703324759686673,-0.011701225798154913,-0.17764786697695278
NN1CCN(CCC(=O)Nc2ccc3ncnc(Nc4cccc(Br)c4)c3c2)CC1,9.272152472075842,0.0151996739444229,0.4767196632716615,470.37500000000017,2.9558000000000018,99.41,3,7,0.0,9.49531262976725,CN1CCN(CCC(=O)Nc2ccc3ncnc(Nc4cccc(Br)c4)c3c2)CC1,9.408758181162073,0.0170345657177272,0.5737333346179045,9.678590282753298,-0.13660570908623093,-0.09701367134624306,-0.1832776529860478
C=CC(=O)CC1=CC=C2N=CN=C(Nc3cccc(C)c3)C12,8.967517203603327,0.0583397443831789,0.8640016167357356,291.35400000000004,3.432620000000002,53.82,1,4,0.0,9.341178267588017,C=CC(=O)NC1=CC=C2N=CN=C(Nc3cccc(C)c3)C21,9.148910562934578,0.0294474817887876,0.8407986245812334,9.539862393436406,-0.1813933593312509,0.023202992154502167,-0.19868412584838957
C=CC(=O)Nc1nc2c(Cc3ccc(F)c(Cl)c3)ncnc2cc1/C=C/CCN1CCOCC1F,9.241780369284363,0.0306795331660745,0.3612510360651953,499.9490000000003,4.563700000000003,80.24000000000001,1,6,0.0,9.391726354150888,C=CC(=O)Nc1nc2c(Cc3ccc(F)c(Cl)c3)ncnc2cc1/C=C/CCN1CCOCC1,9.382153026658898,0.0279236803141482,0.4839275266830337,9.596193109686268,-0.14037265737453453,-0.12267649061783836,-0.20446675553538007
C=CC(=O)Nc1nc2c(Cc3ccc(F)c(Cl)c3)ncnc2cc1/C=C/CCN1CCOCC1N,9.186187021609836,0.0326871910259248,0.4591471221970957,496.97400000000033,3.552900000000001,106.26,2,7,0.0,9.383073391682458,C=CC(=O)Nc1nc2c(Cc3ccc(F)c(Cl)c3)ncnc2cc1/C=C/CCN1CCOCC1,9.382153026658898,0.0279236803141482,0.4839275266830337,9.596193109686268,-0.19596600504906192,-0.02478040448593799,-0.21311971800381002
CN(C)CCNCc1ccc(-c2cc3c(N[C@H](CO)c4ccccc4)ncnc3[nH]2)c(ON)c1,9.269027059381466,0.0246252212291116,0.1705872046646336,461.57000000000016,2.6740999999999997,124.35,5,8,0.0,9.329695440484672,COc1cc(CNCCN(C)C)ccc1-c1cc2c(N[C@H](CO)c3ccccc3)ncnc2[nH]1,9.452730415591995,0.0272753351702799,0.2546302680559155,9.552770214449676,-0.18370335621052902,-0.0840430633912819,-0.22307477396500452
C=CC(=O)CC1=NC=C2N=CN=C(Nc3cccc(C)c3)C21,8.997444886422453,0.0460049241515214,0.8670403928394063,292.34200000000004,2.904720000000001,66.17999999999999,1,5,0.0,9.384960158690635,C=CC(=O)NC1=NC=C2N=CN=C(Nc3cccc(C)c3)C21,9.225868842634966,0.0115682051716229,0.8182257163781242,9.623413495652406,-0.228423956212513,0.048814676461282014,-0.2384533369617703
C=CC(=O)Nc1nc2c(Cc3ccc(F)c(Cl)c3)ncnc2cc1/C=C/CCN1CCOCC1C,9.136995819180902,0.0335856978266457,0.4578575644007616,495.98600000000033,4.656600000000004,80.24000000000001,1,6,0.0,9.332338903554636,C=CC(=O)Nc1nc2c(Cc3ccc(F)c(Cl)c3)ncnc2cc1/C=C/CCN1CCOCC1,9.382153026658898,0.0279236803141482,0.4839275266830337,9.596193109686268,-0.2451572074779964,-0.026069962282272097,-0.2638542061316329
CC1CN(CCC(=O)Nc2ccc3ncnc(Nc4cccc(Br)c4)c3c2)CCN1C,9.162122639076523,0.0301448831800419,0.5503039196427981,483.4140000000002,4.100400000000003,73.39,2,6,0.0,9.40712971571788,CN1CCN(CCC(=O)Nc2ccc3ncnc(Nc4cccc(Br)c4)c3c2)CC1,9.408758181162073,0.0170345657177272,0.5737333346179045,9.678590282753298,-0.24663554208554928,-0.023429414975106422,-0.2714605670354171
CN1CCN(CCC(=O)Nc2ccc3ncnc(Nc4cccc(Br)c4)c3c2)CC1F,9.161876257309382,0.0256398081582253,0.5124555535223405,487.3770000000001,4.007500000000002,73.39,2,6,0.0,9.392464225912327,CN1CCN(CCC(=O)Nc2ccc3ncnc(Nc4cccc(Br)c4)c3c2)CC1,9.408758181162073,0.0170345657177272,0.5737333346179045,9.678590282753298,-0.24688192385269048,-0.06127778109556403,-0.2861260568409705
CN1CCN(CCC(=O)Nc2ccc3ncnc(Nc4cccc(Br)c4)c3c2)CC1N,9.12678503217238,0.0389110759834733,0.4948803999203701,484.40200000000016,2.9967,99.41,3,7,0.0,9.335314156149092,CN1CCN(CCC(=O)Nc2ccc3ncnc(Nc4cccc(Br)c4)c3c2)CC1,9.408758181162073,0.0170345657177272,0.5737333346179045,9.678590282753298,-0.2819731489896924,-0.07885293469753446,-0.3432761266042057
CN(N)C/C=C/C(=O)Nc1ccc2ncnc3c2c1CCN3c1ccc(F)c(Cl)c1,9.075244393412468,0.0382219610214924,0.3690731268869169,426.88300000000015,3.4167000000000014,87.38,2,6,0.0,9.221558995834435,CN(C)C/C=C/C(=O)Nc1ccc2ncnc3c2c1CCN3c1ccc(F)c(Cl)c1,9.314458806464838,0.0447588835957084,0.6214205553234822,9.58041020053087,-0.23921441305236968,-0.25234742843656527,-0.3588512046964354
CC(C(=O)C=N)c1cc2c(Nc3cccc(Br)c3)ncnc2cn1,8.948520125205786,0.0333936929323652,0.6522603889319452,384.2370000000001,3.8530700000000015,91.62,2,6,0.0,9.241256626739393,C=CC(=O)C(C)c1cc2c(Nc3cccc(Br)c3)ncnc2cn1,9.331955814487577,0.0384331354226647,0.6622425832625197,9.62464397069617,-0.38343568928179117,-0.009982194330574568,-0.38338734395677676
COc1cc(COCCN(C)C)ccc1-c1cc2c(N[C@H](CO)c3ccccc3)ncnc2[nH]1,8.988803133055367,0.0052048842114947,0.2920205559997803,461.56600000000014,3.8572000000000015,95.53,3,7,0.0,9.129608526843764,COc1cc(CNCCN(C)C)ccc1-c1cc2c(N[C@H](CO)c3ccccc3)ncnc2[nH]1,9.452730415591995,0.0272753351702799,0.2546302680559155,9.552770214449676,-0.46392728253662874,0.037390287943864786,-0.4231616876059121
C=CC(=O)OC1=CC=C2N=CN=C(Nc3cccc(C)c3)C21,8.791437204878997,0.0514257889076935,0.6880835687619656,293.326,2.974120000000001,63.05,1,5,0.0,9.084053200352288,C=CC(=O)NC1=CC=C2N=CN=C(Nc3cccc(C)c3)C21,9.148910562934578,0.0294474817887876,0.8407986245812334,9.539862393436406,-0.35747335805558045,-0.1527150558192678,-0.45580919308411794
OCC(O)CCc1cc2c(Nc3cccc(Br)c3)ncnc2cn1,8.8445904765308,0.0141572672080046,0.6007613315921468,389.253,2.816700000000001,91.16,3,6,0.0,9.13081387511887,OCC(O)CNc1cc2c(Nc3cccc(Br)c3)ncnc2cn1,9.358579326730814,0.0272089272091656,0.5122032504279255,9.58747202473561,-0.513988850200013,0.08855808116422137,-0.4566581496167412
COc1cc(CCCCN(C)C)ccc1-c1cc2c(N[C@H](CO)c3ccccc3)ncnc2[nH]1,8.961475589230597,0.0200736113260408,0.2828502690873573,459.5940000000001,4.663300000000003,86.30000000000001,3,6,0.0,9.082827112448236,COc1cc(CNCCN(C)C)ccc1-c1cc2c(N[C@H](CO)c3ccccc3)ncnc2[nH]1,9.452730415591995,0.0272753351702799,0.2546302680559155,9.552770214449676,-0.4912548263613985,0.028220001031441788,-0.46994310200144085
COc1cc(COCCS(C)(=O)=O)ccc1-c1cc2c(N[C@H](CO)c3ccccc3)ncnc2[nH]1,8.938847164484105,0.0120359654362366,0.2699927539188509,496.58900000000017,3.340200000000001,126.43,3,8,0.0,9.061807576007292,COc1cc(CNCCS(C)(=O)=O)ccc1-c1cc2c(N[C@H](CO)c3ccccc3)ncnc2[nH]1,9.448411239489172,0.0283152732685801,0.2338550821168015,9.537023507278992,-0.5095640750050663,0.03613767180204941,-0.47521593127170014
C=CC(=O)OC1=NC=C2N=CN=C(Nc3cccc(C)c3)C21,8.833178658288471,0.0405675895570878,0.6721170843977406,294.314,2.4462200000000003,75.41,1,6,0.0,9.128669610930254,C=CC(=O)NC1=NC=C2N=CN=C(Nc3cccc(C)c3)C21,9.225868842634966,0.0115682051716229,0.8182257163781242,9.623413495652406,-0.3926901843464954,-0.1461086319803836,-0.49474388472215125
COc1cc(CCCCS(C)(=O)=O)ccc1-c1cc2c(N[C@H](CO)c3ccccc3)ncnc2[nH]1,8.915628024273499,0.012689254631679,0.2682329830455204,494.6170000000001,4.146300000000003,117.20000000000002,3,7,0.0,9.03705526116458,COc1cc(CNCCS(C)(=O)=O)ccc1-c1cc2c(N[C@H](CO)c3ccccc3)ncnc2[nH]1,9.448411239489172,0.0283152732685801,0.2338550821168015,9.537023507278992,-0.5327832152156731,0.034377900928718896,-0.4999682461144115
NCC(O)CNc1cc2c(Nc3cccc(Br)c3)ncnc2cn1,8.843192718929739,0.0176971589119895,0.5121222681157751,389.25700000000006,2.2623999999999995,108.98,4,7,0.0,9.081556694075635,OCC(O)CNc1cc2c(Nc3cccc(Br)c3)ncnc2cn1,9.358579326730814,0.0272089272091656,0.5122032504279255,9.58747202473561,-0.5153866078010747,-8.098231215036833e-05,-0.5059153306599757
CS(=O)(=O)CCNCc1ccc(-c2cc3c(N[C@H](CO)c4ccccc4)ncnc3[nH]2)c(ON)c1,9.259823178561538,0.0244548596790821,0.1550908929342717,496.5930000000002,2.1571,155.25,5,9,0.3,9.012913765349593,COc1cc(CNCCS(C)(=O)=O)ccc1-c1cc2c(N[C@H](CO)c3ccccc3)ncnc2[nH]1,9.448411239489172,0.0283152732685801,0.2338550821168015,9.537023507278992,-0.1885880609276338,-0.07876418918252981,-0.524109741929399
CN(C)C/C=C/C(=O)Nc1ccc2ncnc3c2c1CCN3c1ccc(Cl)c(Cl)c1,8.79859576676804,0.0403579729075853,0.5814863659742058,442.35000000000014,4.687100000000004,61.36000000000001,1,5,0.0,9.048980976847558,CN(C)C/C=C/C(=O)Nc1ccc2ncnc3c2c1CCN3c1ccc(F)c(Cl)c1,9.314458806464838,0.0447588835957084,0.6214205553234822,9.58041020053087,-0.5158630396967983,-0.039934189349276394,-0.5314292236833129
N=CC(=O)Nc1nc2c(Cc3ccc(F)c(Cl)c3)ncnc2cc1/C=C/CCN1CCOCC1,8.818385341437768,0.0286976142466744,0.4739695484760816,482.94700000000034,3.731670000000002,104.09,2,7,0.0,9.026672501429134,C=CC(=O)Nc1nc2c(Cc3ccc(F)c(Cl)c3)ncnc2cc1/C=C/CCN1CCOCC1,9.382153026658898,0.0279236803141482,0.4839275266830337,9.596193109686268,-0.56376768522113,-0.0099579782069521,-0.5695206082571342
C=CC(=O)Nc1nc2c(Cc3ccc(Cl)c(Cl)c3)ncnc2cc1/C=C/CCN1CCOCC1,8.772067758531163,0.0645064392692478,0.4505534775423813,498.4140000000004,4.782400000000005,80.24000000000001,1,6,0.0,8.932838058033106,C=CC(=O)Nc1nc2c(Cc3ccc(F)c(Cl)c3)ncnc2cc1/C=C/CCN1CCOCC1,9.382153026658898,0.0279236803141482,0.4839275266830337,9.596193109686268,-0.6100852681277349,-0.033374049140652395,-0.6633550516531628
CC(CCO)c1cc2c(Nc3cccc(Br)c3)ncnc2cn1,8.542502120618703,0.0373749155412996,0.7070755843039886,373.254,4.016800000000003,70.93,2,5,0.0,8.858664997229399,CN(CCO)c1cc2c(Nc3cccc(Br)c3)ncnc2cn1,9.187915453581798,0.0210599672371468,0.7154897998540194,9.52460038627166,-0.6454133329630949,-0.008414215550030746,-0.6659353890422608
ONC(O)CNc1cc2c(Nc3cccc(Br)c3)ncnc2cn1,8.763090089496608,0.0275788333243058,0.3211210432358454,391.229,2.2399999999999998,115.22,5,8,0.0,8.896071777790224,OCC(O)CNc1cc2c(Nc3cccc(Br)c3)ncnc2cn1,9.358579326730814,0.0272089272091656,0.5122032504279255,9.58747202473561,-0.5954892372342062,-0.19108220719208008,-0.6914002469453866
CC1CCN(CCC(=O)Nc2ccc3ncnc(Nc4cccc(Br)c4)c3c2)CC1,9.243270409684886,0.025934088026158,0.5208528678333952,468.39900000000017,5.196400000000004,70.15,2,5,0.5,8.977762755575425,CN1CCN(CCC(=O)Nc2ccc3ncnc(Nc4cccc(Br)c4)c3c2)CC1,9.408758181162073,0.0170345657177272,0.5737333346179045,9.678590282753298,-0.16548777147718674,-0.052880466784509306,-0.7008275271778732
C=CC(=O)Nc1nc2c(Cc3ccc(F)c(Cl)c3)ncnc2cc1/C=C/CCN1CCOCC1Cl,9.245273859951793,0.034833017145038,0.2625362886851108,516.4040000000003,4.833000000000004,80.24000000000001,1,6,0.5,8.84170898714931,C=CC(=O)Nc1nc2c(Cc3ccc(F)c(Cl)c3)ncnc2cc1/C=C/CCN1CCOCC1,9.382153026658898,0.0279236803141482,0.4839275266830337,9.596193109686268,-0.13687916670710543,-0.22139123799792287,-0.7544841225369581
O=C(CCCCCCn1cc(-c2ccc3ncnc(Nc4cccc(F)c4F)c3c2)nn1)NO,8.744756781142682,0.0343713491782738,0.1800993457769073,467.4800000000001,4.366000000000002,117.85,3,7,0.0,8.80043510485286,O=C(CCCCCCn1cc(-c2ccc3ncnc(Nc4cccc(Cl)c4F)c3c2)nn1)NO,9.52034512371626,0.0212573920710242,0.1669812919703811,9.582578377630426,-0.7755883425735774,0.013118053806526198,-0.7821432727775655
OCC(O)CNc1cc2c(Nc3cccc(Cl)c3)ncnc2cn1,8.571568161144173,0.0380866947155541,0.542629683867197,345.7900000000001,2.1869,103.19,4,7,0.0,8.804796308362217,OCC(O)CNc1cc2c(Nc3cccc(Br)c3)ncnc2cn1,9.358579326730814,0.0272089272091656,0.5122032504279255,9.58747202473561,-0.787011165586641,0.03042643343927154,-0.7826757163733937
O=C(CCCCCn1cc(-c2ccc3ncnc(Nc4cccc(F)c4F)c3c2)nn1)NO,8.744756781142684,0.0343713491782725,0.1993246092525451,453.45300000000015,3.975900000000001,117.85,3,7,0.0,8.810047736590684,O=C(CCCCCn1cc(-c2ccc3ncnc(Nc4cccc(Cl)c4F)c3c2)nn1)NO,9.52034512371626,0.0212573920710242,0.1876052314453322,9.592890347367902,-0.7755883425735757,0.01171937780721291,-0.7828426107772177
ONCNc1c(Br)cccc1Nc1ncnc2ccncc12,8.676545435991248,0.0080002861488926,0.4100256641382663,361.2030000000001,2.8791,94.99,4,7,0.0,8.873557981911489,OCCNc1c(Br)cccc1Nc1ncnc2ccncc12,9.3692884724959,0.0321953526069766,0.6490621421214131,9.661624190949633,-0.6927430365046519,-0.2390364779831468,-0.7880662090381438
C=CC(=O)Nc1nc2c(Cc3ccc(F)c(Cl)c3)ncnc2cc1/C=C/CCN1CCOCC1Br,9.229890487266532,0.0414768757304539,0.2375876066578509,560.8550000000002,4.989100000000004,80.24000000000001,1,6,0.5,8.807207414865003,C=CC(=O)Nc1nc2c(Cc3ccc(F)c(Cl)c3)ncnc2cc1/C=C/CCN1CCOCC1,9.382153026658898,0.0279236803141482,0.4839275266830337,9.596193109686268,-0.15226253939236578,-0.2463399200251828,-0.7889856948212657
OCCCc1cc2c(Nc3cccc(Br)c3)ncnc2cn1,8.60684362259517,0.0123703045647648,0.7301863249817082,359.2270000000001,3.455800000000002,70.93,2,5,0.0,8.959566480521259,OCCNc1cc2c(Nc3cccc(Br)c3)ncnc2cn1,9.440956388733865,0.0113143435052717,0.6490621421214131,9.7541731162893,-0.8341127661386949,0.0811241828602951,-0.7946066357680408
O=C(O)CCCCc1cc2ncnc(Nc3cccc(Br)c3)c2cn1,8.52285527082189,0.0264702985014645,0.5733707186352277,401.26400000000007,4.328300000000003,88.0,2,5,0.0,8.783070331638038,O=C(O)CCCNc1cc2ncnc(Nc3cccc(Br)c3)c2cn1,9.347422264803685,0.0224798563664852,0.5170252665618643,9.583455041718128,-0.8245669939817954,0.05634545207336339,-0.80038471008009
C=CC(=O)Nc1nc2c(Cc3ccc(F)c(F)c3)ncnc2cc1/C=C/CCN1CCOCC1,8.583147714405921,0.0651572627686639,0.5106541055933019,465.5040000000003,3.7538000000000022,80.24000000000001,1,6,0.0,8.773317504433908,C=CC(=O)Nc1nc2c(Cc3ccc(F)c(Cl)c3)ncnc2cc1/C=C/CCN1CCOCC1,9.382153026658898,0.0279236803141482,0.4839275266830337,9.596193109686268,-0.7990053122529766,0.02672657891026825,-0.82287560525236
OCCNc1cc2c(Nc3cccc(Cl)c3)ncnc2cn1,8.612532009721061,0.0356655124282346,0.6713140375099609,315.76400000000007,2.8260000000000005,82.96,3,6,0.0,8.912523516047807,OCCNc1cc2c(Nc3cccc(Br)c3)ncnc2cn1,9.440956388733865,0.0113143435052717,0.6490621421214131,9.7541731162893,-0.8284243790128034,0.02225189538854777,-0.8416496002414924
NCCNc1cc2ncnc(Nc3cccc(Br)c3)c2cn1,8.59981973899311,0.0181460263742767,0.6492450710868106,359.231,2.9015000000000004,88.75,3,6,0.0,8.906296248162239,OCCNc1cc2ncnc(Nc3cccc(Br)c3)c2cn1,9.45207561134018,0.0208187913123357,0.6490621421214131,9.755787891088552,-0.8522558723470688,0.0001829289653975108,-0.8494916429263135
CN1CCN(CCC(=O)Nc2ccc3ncnc(Nc4cccc(Br)c4)c3c2)CC1Br,9.182678134075427,0.0329663149147465,0.3510859987749318,548.2830000000001,4.432900000000003,73.39,2,6,0.5,8.825254818548146,CN1CCN(CCC(=O)Nc2ccc3ncnc(Nc4cccc(Br)c4)c3c2)CC1,9.408758181162073,0.0170345657177272,0.5737333346179045,9.678590282753298,-0.2260800470866453,-0.22264733584297275,-0.853335464205152
CC(C)C/C=C/C(=O)Nc1ccc2ncnc3c2c1CCN3c1ccc(F)c(Cl)c1,8.986703874080039,0.0390147959978625,0.5368962255311137,424.90700000000015,5.657300000000005,58.120000000000005,1,4,0.5,8.716137190847732,CN(C)C/C=C/C(=O)Nc1ccc2ncnc3c2c1CCN3c1ccc(F)c(Cl)c1,9.314458806464838,0.0447588835957084,0.6214205553234822,9.58041020053087,-0.32775493238479925,-0.08452432979236846,-0.8642730096831386
CN1CCN(CCC(=O)Nc2ccc3ncnc(Nc4cccc(Br)c4)c3c2)CC1Cl,9.132033406575584,0.0212051133058616,0.3864278585983431,503.8320000000001,4.276800000000002,73.39,2,6,0.5,8.804042222568894,CN1CCN(CCC(=O)Nc2ccc3ncnc(Nc4cccc(Br)c4)c3c2)CC1,9.408758181162073,0.0170345657177272,0.5737333346179045,9.678590282753298,-0.2767247745864889,-0.18730547601956143,-0.874548060184404
ONCNc1cc2ncnc(Nc3cccc(Br)c3)c2cn1,8.687264141357577,0.0168237104789213,0.4100256641382663,361.203,2.8791,94.99,4,7,0.0,8.87545326294779,OCCNc1cc2ncnc(Nc3cccc(Br)c3)c2cn1,9.45207561134018,0.0208187913123357,0.6490621421214131,9.755787891088552,-0.7648114699826021,-0.2390364779831468,-0.880334628140762
NCCNc1cc2c(Nc3cccc(Br)c3)ncnc2cn1,8.545152671212449,0.0125517370375621,0.6492450710868106,359.23100000000005,2.9015000000000004,88.75,3,6,0.0,8.857223469718292,OCCNc1cc2c(Nc3cccc(Br)c3)ncnc2cn1,9.440956388733865,0.0113143435052717,0.6490621421214131,9.7541731162893,-0.8958037175214155,0.0001829289653975108,-0.8969496465710076
CNc1cc2ncnc(Nc3cccc(Cl)c3)c2cn1,8.244896085514283,0.0185906154849949,0.7714383625489651,285.73800000000006,3.4635000000000007,62.73,2,5,0.0,8.612024651303772,CNc1cc2ncnc(Nc3cccc(Br)c3)c2cn1,9.150625171571486,0.0142019388879788,0.7686164717854101,9.520731468576212,-0.9057290860572031,0.0028218907635549906,-0.9087068172724404
ONCNc1cc2c(Nc3cccc(Br)c3)ncnc2cn1,8.66457344151715,0.027423828051068,0.4100256641382663,361.2030000000001,2.8791,94.99,4,7,0.0,8.842162445535216,OCCNc1cc2c(Nc3cccc(Br)c3)ncnc2cn1,9.440956388733865,0.0113143435052717,0.6490621421214131,9.7541731162893,-0.7763829472167139,-0.2390364779831468,-0.9120106707540838
NCCNc1c(Br)cccc1Nc1ncnc2ccncc12,8.44385089515634,0.0282569280736615,0.6492450710868106,359.23100000000005,2.9015000000000004,88.75,3,6,0.0,8.740216502626083,OCCNc1c(Br)cccc1Nc1ncnc2ccncc12,9.3692884724959,0.0321953526069766,0.6490621421214131,9.661624190949633,-0.9254375773395598,0.0001829289653975108,-0.9214076883235496
O=C(O)CCCCc1c(Br)cccc1Nc1ncnc2ccncc12,8.451376168817498,0.062402556081948,0.5733707186352276,401.2640000000001,4.328300000000002,88.0,2,5,0.0,8.675658972053165,O=C(O)CCCNc1c(Br)cccc1Nc1ncnc2ccncc12,9.35150962487041,0.0117032604596588,0.5170252665618642,9.598318997691685,-0.9001334560529113,0.05634545207336339,-0.9226600256385193
CCc1cc2ncnc(Nc3cccc(Br)c3)c2cn1,8.182931847419463,0.0151571128469353,0.7861342877006197,329.201,4.093300000000003,50.7,1,4,0.0,8.560841878422837,CNc1cc2ncnc(Nc3cccc(Br)c3)c2cn1,9.150625171571486,0.0142019388879788,0.7686164717854101,9.520731468576212,-0.9676933241520231,0.01751781591520951,-0.9598895901533755
NN(CCO)c1cc2c(Nc3cccc(Br)c3)ncnc2cn1,8.310131923347763,0.044868772360352,0.4643784811848989,375.23,2.2033,100.19,3,7,0.0,8.49745239157986,CN(CCO)c1cc2c(Nc3cccc(Br)c3)ncnc2cn1,9.187915453581798,0.0210599672371468,0.7154897998540194,9.52460038627166,-0.8777835302340353,-0.2511113186691205,-1.0271479946918003
Nc1c(NC(=O)CCN2CCCCC2)ccc2ncnc(Nc3cccc(Br)c3)c12,8.325721154185322,0.0409657942898186,0.4593354719806407,469.38700000000006,4.532600000000003,96.17,3,6,0.0,8.514423095885824,O=C(CCN1CCCCC1)Nc1ccc2ncnc(Nc3cccc(Br)c3)c2c1,9.313859947685312,0.0180229979659819,0.5517540108550381,9.57171395514685,-0.9881387934999903,-0.09241853887439738,-1.057290859261025
NNc1cc2ncnc(Nc3cccc(Br)c3)c2cn1,8.171532797528597,0.0156576919519203,0.5051540079268191,331.177,2.8165000000000004,88.75,3,6,0.0,8.408452109540086,CNc1cc2ncnc(Nc3cccc(Br)c3)c2cn1,9.150625171571486,0.0142019388879788,0.7686164717854101,9.520731468576212,-0.9790923740428887,-0.26346246385859107,-1.1122793590361262
CN(C)C/C=C/C(=O)Nc1ccc2ncnc3c2c1CCN3c1ccc(F)c(F)c1,8.200953137336544,0.0691766249061752,0.6520229377098611,409.4400000000001,3.658500000000002,61.36000000000001,1,5,0.0,8.4577879812853,CN(C)C/C=C/C(=O)Nc1ccc2ncnc3c2c1CCN3c1ccc(F)c(Cl)c1,9.314458806464838,0.0447588835957084,0.6214205553234822,9.58041020053087,-1.113505669128294,0.030602382386378912,-1.1226222192455708
O=C(CCCCCCn1cc(-c2ccc3ncnc(Nc4cccc(Br)c4F)c3c2)nn1)NO,8.914953125057506,0.045643948550122,0.1508482696828612,528.3860000000002,4.989400000000003,117.85,3,7,0.5,8.444733311348815,O=C(CCCCCCn1cc(-c2ccc3ncnc(Nc4cccc(Cl)c4F)c3c2)nn1)NO,9.52034512371626,0.0212573920710242,0.1669812919703811,9.582578377630426,-0.605391998658753,-0.01613302228751992,-1.1378450662816118
O=C(CCCCCn1cc(-c2ccc3ncnc(Nc4cccc(Br)c4F)c3c2)nn1)NO,8.91495312505751,0.0456439485501193,0.1698118700828601,514.3590000000002,4.599300000000003,117.85,3,7,0.5,8.454215111548821,O=C(CCCCCn1cc(-c2ccc3ncnc(Nc4cccc(Cl)c4F)c3c2)nn1)NO,9.52034512371626,0.0212573920710242,0.1876052314453322,9.592890347367902,-0.6053919986587495,-0.017793361362472088,-1.1386752358190808
OCCCc1cc2ncnc(Nc3cccc(Br)c3)c2cn1,8.24191561758727,0.0142807119475328,0.7301863249817082,359.22700000000003,3.4558000000000018,70.93,2,5,0.0,8.592728068130592,OCCNc1cc2ncnc(Nc3cccc(Br)c3)c2cn1,9.45207561134018,0.0208187913123357,0.6490621421214131,9.755787891088552,-1.2101599937529084,0.0811241828602951,-1.16305982295796
CN(C)C/C=C/C(=O)Nc1ccc2ncnc3c2c1CCN3c1ccc(F)c(Cl)c1F,8.203899018148856,0.0509258326523205,0.4700090628064358,443.8850000000001,4.311900000000003,61.36000000000001,1,5,0.0,8.387977716899755,CN(C)C/C=C/C(=O)Nc1ccc2ncnc3c2c1CCN3c1ccc(F)c(Cl)c1,9.314458806464838,0.0447588835957084,0.6214205553234822,9.58041020053087,-1.1105597883159817,-0.1514114925170464,-1.1924324836311158
C/C=C/C(=O)Cc1cc2c(Nc3cccc(Cl)c3)ncnc2cn1,7.975822637058717,0.0454585008323324,0.7089430774282438,338.79800000000006,4.109500000000002,67.77000000000001,1,5,0.0,8.284835674940506,C/C=C/C(=O)Cc1cc2c(Nc3cccc(Br)c3)ncnc2cn1,9.155818320515056,0.0110277555703004,0.6685952655904649,9.479088197739989,-1.1799956834563394,0.04034781183777891,-1.1942525227994825
OCCCc1c(Br)cccc1Nc1ncnc2ccncc12,8.088433651542122,0.0393909675739134,0.7301863249817082,359.2270000000001,3.455800000000001,70.93,2,5,0.0,8.414135846459063,OCCNc1c(Br)cccc1Nc1ncnc2ccncc12,9.3692884724959,0.0321953526069766,0.6490621421214131,9.661624190949633,-1.2808548209537776,0.0811241828602951,-1.24748834449057
C=CC(=O)C(C)c1cc2c(Nc3cccc(Cl)c3)ncnc2cn1,8.040837317134038,0.0560308932629192,0.7030953244795115,338.79800000000006,4.280400000000002,67.77000000000001,1,5,0.0,8.336354086110875,C=CC(=O)C(C)c1cc2c(Nc3cccc(Br)c3)ncnc2cn1,9.331955814487577,0.0384331354226647,0.6622425832625197,9.62464397069617,-1.2911184973535388,0.040852741216991784,-1.2882898845852946
Cc1c(N2CCc3c(NC(=O)/C=C/CN(C)C)ccc4ncnc2c34)ccc(F)c1Cl,8.077193945531537,0.0842088932715765,0.5937033847831951,439.92200000000014,4.481220000000004,61.36000000000001,1,5,0.0,8.289836744651558,CN(C)C/C=C/C(=O)Nc1ccc2ncnc3c2c1CCN3c1ccc(F)c(Cl)c1,9.314458806464838,0.0447588835957084,0.6214205553234822,9.58041020053087,-1.2372648609333012,-0.027717170540287106,-1.2905734558793132
CN(CCO)c1cc2c(Nc3cccc(Cl)c3)ncnc2cn1,7.908162248766668,0.0501471231518522,0.7494910158547182,329.79100000000005,2.8503000000000007,74.17,2,6,0.0,8.232760633542174,CN(CCO)c1cc2c(Nc3cccc(Br)c3)ncnc2cn1,9.187915453581798,0.0210599672371468,0.7154897998540194,9.52460038627166,-1.2797532048151306,0.03400121600069883,-1.2918397527294854
NONC(=O)CCCCCn1cc(-c2ccc3ncnc(Nc4cccc(Cl)c4F)c3c2)nn1,8.252484545195198,0.0693191980714244,0.2277818305855311,484.9230000000002,3.9063000000000017,132.87,3,8,0.0,8.29705626241654,O=C(CCCCCn1cc(-c2ccc3ncnc(Nc4cccc(Cl)c4F)c3c2)nn1)NO,9.52034512371626,0.0212573920710242,0.1876052314453322,9.592890347367902,-1.267860578521061,0.04017659914019889,-1.2958340849513625
NONC(=O)CCCCCCn1cc(-c2ccc3ncnc(Nc4cccc(Cl)c4F)c3c2)nn1,8.252484545195198,0.0693191980714214,0.2057995283126394,498.9500000000001,4.296400000000002,132.87,3,8,0.0,8.286065111280097,O=C(CCCCCCn1cc(-c2ccc3ncnc(Nc4cccc(Cl)c4F)c3c2)nn1)NO,9.52034512371626,0.0212573920710242,0.1669812919703811,9.582578377630426,-1.267860578521061,0.03881823634225828,-1.2965132663503294
C=CC(=O)NC1=NC=C2N=CN=C(Nc3cccc(C)c3)C21N,8.011238005342666,0.0583171503101584,0.7124980222347918,308.3450000000001,1.10052,104.23,3,6,0.0,8.309169866149903,C=CC(=O)NC1=NC=C2N=CN=C(Nc3cccc(C)c3)C21,9.225868842634966,0.0115682051716229,0.8182257163781242,9.623413495652406,-1.214630837292301,-0.1057276941433325,-1.3142436295025028
CONC(=O)CCCCCn1cc(-c2ccc3ncnc(Nc4cccc(Cl)c4F)c3c2)nn1,8.208018217424415,0.0685117995746924,0.2492777705241801,483.9350000000001,4.662400000000003,106.85,2,7,0.0,8.264145303111814,O=C(CCCCCn1cc(-c2ccc3ncnc(Nc4cccc(Cl)c4F)c3c2)nn1)NO,9.52034512371626,0.0212573920710242,0.1876052314453322,9.592890347367902,-1.312326906291844,0.0616725390788479,-1.3287450442560882
O=C(CCCCCn1cc(-c2ccc3ncnc(Nc4cccc(Cl)c4F)c3c2)nn1)NOF,8.195684568409481,0.0639556752810367,0.2413949215008154,487.89800000000014,4.917100000000003,106.85,2,7,0.0,8.252426353878853,O=C(CCCCCn1cc(-c2ccc3ncnc(Nc4cccc(Cl)c4F)c3c2)nn1)NO,9.52034512371626,0.0212573920710242,0.1876052314453322,9.592890347367902,-1.324660555306778,0.0537896900554832,-1.340463993489049
O=C(CCCCCn1cc(-c2ccc3ncnc(Nc4cccc(Cl)c4Cl)c3c2)nn1)NO,8.695267893214524,0.0454966762112303,0.1730537380169649,486.36300000000017,5.004500000000003,117.85,3,7,0.5,8.236298086011775,O=C(CCCCCn1cc(-c2ccc3ncnc(Nc4cccc(Cl)c4F)c3c2)nn1)NO,9.52034512371626,0.0212573920710242,0.1876052314453322,9.592890347367902,-0.8250772305017353,-0.014551493428367313,-1.356592261356127
CN(C)C/C=C/C(=O)Nc1ccc2ncnc3c2c1CCN3c1ccc(F)c(Cl)c1Cl,8.057470469034417,0.0696046116572425,0.4369294710932628,460.34000000000015,4.826200000000004,61.36000000000001,1,5,0.0,8.206330592923806,CN(C)C/C=C/C(=O)Nc1ccc2ncnc3c2c1CCN3c1ccc(F)c(Cl)c1,9.314458806464838,0.0447588835957084,0.6214205553234822,9.58041020053087,-1.2569883374304212,-0.18449108423021937,-1.3740796076070652
O=C(O)CCCNc1cc2ncnc(Nc3cccc(Cl)c3)c2cn1,7.896341737120164,0.0336874216722266,0.5541186007136436,357.80100000000004,3.698500000000001,100.03,3,6,0.0,8.13971361580476,O=C(O)CCCNc1cc2ncnc(Nc3cccc(Br)c3)c2cn1,9.347422264803685,0.0224798563664852,0.5170252665618643,9.583455041718128,-1.451080527683521,0.03709333415177929,-1.4437414259133678
O=C(CCCCCn1cc(-c2ccc3ncnc(Cc4cccc(Cl)c4F)c3c2)nn1)NO,8.113846316865315,0.0834850301671212,0.2149148437965362,468.9200000000001,4.337400000000003,105.82,2,6,0.0,8.13781870859646,O=C(CCCCCn1cc(-c2ccc3ncnc(Nc4cccc(Cl)c4F)c3c2)nn1)NO,9.52034512371626,0.0212573920710242,0.1876052314453322,9.592890347367902,-1.4064988068509443,0.027309612351203993,-1.4550716387714413
O=C(CCCCCCn1cc(-c2ccc3ncnc(Cc4cccc(Cl)c4F)c3c2)nn1)NO,8.113846316865315,0.0834850301671215,0.1922012501046265,482.9470000000002,4.727500000000004,105.82,2,6,0.0,8.126461911750507,O=C(CCCCCCn1cc(-c2ccc3ncnc(Nc4cccc(Cl)c4F)c3c2)nn1)NO,9.52034512371626,0.0212573920710242,0.1669812919703811,9.582578377630426,-1.4064988068509443,0.02521995813424538,-1.4561164658799193
CN(C)C/C=C/C(=O)Nc1ccc2ncnc3c2c1CCN3c1ccc(F)c(Cl)c1N,7.956326141189399,0.0640985031437825,0.4637616104056268,440.91000000000014,3.7550000000000017,87.38000000000001,2,6,0.0,8.12410844324843,CN(C)C/C=C/C(=O)Nc1ccc2ncnc3c2c1CCN3c1ccc(F)c(Cl)c1,9.314458806464838,0.0447588835957084,0.6214205553234822,9.58041020053087,-1.3581326652754395,-0.15765894491785537,-1.456301757282441
C=CC(=O)NC1=CC=C2N=CN=C(Nc3cccc(C)c3)C21N,7.741418124784872,0.060455615097995,0.7410883136870445,307.3570000000001,1.62842,91.87,3,5,0.0,8.051506666530399,C=CC(=O)NC1=CC=C2N=CN=C(Nc3cccc(C)c3)C21,9.148910562934578,0.0294474817887876,0.8407986245812334,9.539862393436406,-1.4074924381497063,-0.09971031089418891,-1.4883557269060077
O=C(CCN1CCCCC1)Nc1ccc2ncnc(Nc3cccc(Br)c3)c2c1F,8.3234021241628,0.018258860880841,0.5233025090459404,472.36200000000014,5.089500000000004,70.15,2,5,0.5,8.06679451780493,O=C(CCN1CCCCC1)Nc1ccc2ncnc(Nc3cccc(Br)c3)c2c1,9.313859947685312,0.0180229979659819,0.5517540108550381,9.57171395514685,-0.9904578235225117,-0.028451501809097612,-1.5049194373419201
Cc1c(NC(=O)CCN2CCCCC2)ccc2ncnc(Nc3cccc(Br)c3)c12,8.341078690429015,0.0370851789740369,0.5167467548598478,468.39900000000006,5.2588200000000045,70.15,2,5,0.5,8.062366888884902,O=C(CCN1CCCCC1)Nc1ccc2ncnc(Nc3cccc(Br)c3)c2c1,9.313859947685312,0.0180229979659819,0.5517540108550381,9.57171395514685,-0.9727812572562975,-0.03500725599519028,-1.509347066261947
OCCNc1cc2ncnc(Nc3cccc(Cl)c3)c2cn1,7.932196012533249,0.0235249326638842,0.6713140375099609,315.764,2.8260000000000005,82.96,3,6,0.0,8.244328098624345,OCCNc1cc2ncnc(Nc3cccc(Br)c3)c2cn1,9.45207561134018,0.0208187913123357,0.6490621421214131,9.755787891088552,-1.5198795988069298,0.02225189538854777,-1.5114597924642066
CN(C)C/C=C/C(=O)Nc1ccc2ncnc3c2c1CCN3c1ccc(F)c(Br)c1,7.727375336691293,0.0390318938078411,0.5645204774161722,470.3460000000001,4.281900000000003,61.36000000000001,1,5,0.0,7.970603681591538,CN(C)C/C=C/C(=O)Nc1ccc2ncnc3c2c1CCN3c1ccc(F)c(Cl)c1,9.314458806464838,0.0447588835957084,0.6214205553234822,9.58041020053087,-1.5870834697735452,-0.05690007790731,-1.6098065189393322
C=CC(=O)Nc1nc2c(Cc3ccc(F)c(Br)c3)ncnc2cc1/C=C/CCN1CCOCC1,8.293553230332744,0.0418339390500494,0.4393735798793898,526.4100000000002,4.377200000000004,80.24000000000001,1,6,0.5,7.971406081222391,C=CC(=O)Nc1nc2c(Cc3ccc(F)c(Cl)c3)ncnc2cc1/C=C/CCN1CCOCC1,9.382153026658898,0.0279236803141482,0.4839275266830337,9.596193109686268,-1.0885997963261538,-0.044553946803643885,-1.624787028463878
O=C(CCN1CCCCC1)Nc1ccc2ncnc(Nc3cccc(Br)c3)c2c1Cl,8.22094604939801,0.0315511952290365,0.4722443690042496,488.8170000000001,5.603800000000004,70.15,2,5,0.5,7.925517038671099,O=C(CCN1CCCCC1)Nc1ccc2ncnc(Nc3cccc(Br)c3)c2c1,9.313859947685312,0.0180229979659819,0.5517540108550381,9.57171395514685,-1.0929138982873017,-0.07950964185078846,-1.6461969164757502
O=C(CCC1CCCCC1)Nc1ccc2ncnc(Nc3cccc(Br)c3)c2c1,8.098933932808425,0.0292369239828882,0.4511609180845046,453.3840000000001,6.434900000000004,66.91,2,4,0.5,7.795277467867789,O=C(CCN1CCCCC1)Nc1ccc2ncnc(Nc3cccc(Br)c3)c2c1,9.313859947685312,0.0180229979659819,0.5517540108550381,9.57171395514685,-1.2149260148768875,-0.10059309277053347,-1.7764364872790601
CONC(=O)CCCCCCn1cc(-c2ccc3ncnc(Nc4cccc(Cl)c4F)c3c2)nn1,8.208018217424417,0.0685117995746912,0.2203157242060138,497.96200000000016,5.052500000000004,106.85,2,7,0.5,7.749664279952732,O=C(CCCCCCn1cc(-c2ccc3ncnc(Nc4cccc(Cl)c4F)c3c2)nn1)NO,9.52034512371626,0.0212573920710242,0.1669812919703811,9.582578377630426,-1.3123269062918421,0.053334432235632695,-1.832914097677694
O=C(CCCCCCn1cc(-c2ccc3ncnc(Nc4cccc(Cl)c4Cl)c3c2)nn1)NO,8.695267893214526,0.0454966762112306,0.1517287352819063,500.3900000000002,5.394600000000003,117.85,3,7,1.0,7.725635584644248,O=C(CCCCCCn1cc(-c2ccc3ncnc(Nc4cccc(Cl)c4F)c3c2)nn1)NO,9.52034512371626,0.0212573920710242,0.1669812919703811,9.582578377630426,-0.8250772305017335,-0.015252556688474805,-1.8569427929861781
C=CC(=O)Cc1nc2c(Cc3ccc(F)c(Cl)c3)ncnc2cc1/C=C/CCN1CCOCC1,7.575439806498723,0.0509987643798248,0.4216419284702735,480.97100000000034,4.441200000000004,68.21000000000001,0,6,0.0,7.735262006354035,C=CC(=O)Nc1nc2c(Cc3ccc(F)c(Cl)c3)ncnc2cc1/C=C/CCN1CCOCC1,9.382153026658898,0.0279236803141482,0.4839275266830337,9.596193109686268,-1.8067132201601748,-0.062285598212760196,-1.8609311033322333
O=C(CCN1CCCCC1)Nc1ccc2ncnc(Nc3cccc(Br)c3)c2c1Br,8.458582304414545,0.024216623399992,0.4250032563509753,533.2680000000001,5.712900000000004,70.15,2,5,1.0,7.646867309190041,O=C(CCN1CCCCC1)Nc1ccc2ncnc(Nc3cccc(Br)c3)c2c1,9.313859947685312,0.0180229979659819,0.5517540108550381,9.57171395514685,-0.8552776432707674,-0.12675075450406276,-1.9248466459568085
C=CC(=O)NC1=CC=C2N=CN=C(Nc3cccc(C)c3)C21F,7.18735923140901,0.0697775755249717,0.8429429815977331,310.33200000000005,2.639220000000001,65.85,2,4,0.0,7.539053146682905,C=CC(=O)NC1=CC=C2N=CN=C(Nc3cccc(C)c3)C21,9.148910562934578,0.0294474817887876,0.8407986245812334,9.539862393436406,-1.961551331525568,0.0021443570164996206,-2.0008092467535015
C=CC(=O)NC1=CC=C2N=CN=C(Nc3cccc(C)c3)C21C,7.17504807868612,0.0672088043500565,0.8432390294272805,306.3690000000001,2.9372200000000017,65.85,2,4,0.0,7.529458789049704,C=CC(=O)NC1=CC=C2N=CN=C(Nc3cccc(C)c3)C21,9.148910562934578,0.0294474817887876,0.8407986245812334,9.539862393436406,-1.9738624842484578,0.0024404048460470174,-2.0104036043867026
O=C(CCN1CCCCC1)Nc1ccc2ncnc(Nc3cccc(Cl)c3)c2c1,7.294631166154987,0.039734574823335,0.6090792397956031,409.9210000000001,4.841300000000004,70.15,2,5,0.0,7.559436211229454,O=C(CCN1CCCCC1)Nc1ccc2ncnc(Nc3cccc(Br)c3)c2c1,9.313859947685312,0.0180229979659819,0.5517540108550381,9.57171395514685,-2.019228781530325,0.05732522894056502,-2.0122777439173953
C=CC(=O)NC1=NC=C2N=CN=C(Nc3cccc(C)c3)C21F,7.229573939169247,0.0755669424582242,0.8205771619428531,311.32000000000005,2.11132,78.21000000000001,2,5,0.0,7.56429557768245,C=CC(=O)NC1=NC=C2N=CN=C(Nc3cccc(C)c3)C21,9.225868842634966,0.0115682051716229,0.8182257163781242,9.623413495652406,-1.9962949034657198,0.0023514455647288823,-2.0591179179699557
C=CC(=O)NC1=NC=C2N=CN=C(Nc3cccc(C)c3)C21C,7.223703291740653,0.072068386899422,0.8230028305779973,307.3570000000001,2.40932,78.21000000000001,2,5,0.0,7.563136320130231,C=CC(=O)NC1=NC=C2N=CN=C(Nc3cccc(C)c3)C21,9.225868842634966,0.0115682051716229,0.8182257163781242,9.623413495652406,-2.002165550894313,0.004777114199873034,-2.0602771755221747
C=CC(=O)NC1=CC=C2N=CN=C(Nc3cccc(C)c3)C21Cl,7.163948219703538,0.0656491795147394,0.6622734583093505,326.78700000000003,2.908520000000001,65.85,2,4,0.0,7.429435769343473,C=CC(=O)NC1=CC=C2N=CN=C(Nc3cccc(C)c3)C21,9.148910562934578,0.0294474817887876,0.8407986245812334,9.539862393436406,-1.9849623432310404,-0.17852516627188297,-2.1104266240929332
C=CC(=O)NC1=CC=C2N=CN=C(Nc3cccc(C)c3)C21Br,7.174358240388328,0.065161608939146,0.6336670842679817,371.23800000000006,3.064620000000001,65.85,2,4,0.0,7.426030173583173,C=CC(=O)NC1=CC=C2N=CN=C(Nc3cccc(C)c3)C21,9.148910562934578,0.0294474817887876,0.8407986245812334,9.539862393436406,-1.9745523225462502,-0.20713154031325176,-2.1138322198532338
C=CC(=O)NC1=NC=C2N=CN=C(Nc3cccc(C)c3)C21Cl,7.21118615875194,0.0706319788840276,0.6458991450612528,327.7750000000001,2.3806200000000004,78.21000000000001,2,5,0.0,7.463503752398538,C=CC(=O)NC1=NC=C2N=CN=C(Nc3cccc(C)c3)C21,9.225868842634966,0.0115682051716229,0.8182257163781242,9.623413495652406,-2.0146826838830263,-0.17232657131687146,-2.159909743253867
C=CC(=O)NC1=NC=C2N=CN=C(Nc3cccc(C)c3)C21Br,7.219682160622504,0.0689436955217226,0.6183086827782525,372.22600000000006,2.5367200000000008,78.21000000000001,2,5,0.0,7.459892806489908,C=CC(=O)NC1=NC=C2N=CN=C(Nc3cccc(C)c3)C21,9.225868842634966,0.0115682051716229,0.8182257163781242,9.623413495652406,-2.006186682012462,-0.19991703359987179,-2.163520689162498
C=CC(=O)C(C)c1cc2c(Cc3cccc(Br)c3)ncnc2cn1,7.119410901864245,0.0510443641089014,0.619838111766983,382.261,4.236700000000004,55.74,0,4,0.0,7.378285593638835,C=CC(=O)C(C)c1cc2c(Nc3cccc(Br)c3)ncnc2cn1,9.331955814487577,0.0384331354226647,0.6622425832625197,9.62464397069617,-2.212544912623332,-0.04240447149553672,-2.2463583770573345
CN1CCN(CCC(=O)Nc2ccc3ncnc(Nc4cccc(Cl)c4)c3c2)CC1,7.151611951827382,0.0417004858435143,0.6294423813938551,424.9360000000002,3.602800000000002,73.39,2,6,0.0,7.424632656680795,CN1CCN(CCC(=O)Nc2ccc3ncnc(Nc4cccc(Br)c4)c3c2)CC1,9.408758181162073,0.0170345657177272,0.5737333346179045,9.678590282753298,-2.2571462293346904,0.055709046775950566,-2.253957626072503
O=C(CCCCCn1cc(-c2ccc3ncnc(Nc4cccc(Cl)c4F)c3c2)nn1)NOCl,8.250875037195476,0.0724512229508865,0.2262717043546868,504.3530000000002,5.186400000000004,106.85,2,7,1.0,7.291559666421932,O=C(CCCCCn1cc(-c2ccc3ncnc(Nc4cccc(Cl)c4F)c3c2)nn1)NO,9.52034512371626,0.0212573920710242,0.1876052314453322,9.592890347367902,-1.2694700865207835,0.0386664729093546,-2.30133068094597
O=C(CCCCCCn1cc(-c2ccc3ncnc(Nc4cccc(Cl)c4F)c3c2)nn1)NOCl,8.250875037195474,0.0724512229508875,0.1973394406047816,518.3800000000002,5.576500000000004,106.85,2,7,1.0,7.277093534546978,O=C(CCCCCCn1cc(-c2ccc3ncnc(Nc4cccc(Cl)c4F)c3c2)nn1)NO,9.52034512371626,0.0212573920710242,0.1669812919703811,9.582578377630426,-1.2694700865207853,0.030358148634400478,-2.3054848430834483
CN(C)C/C=C/C(=O)Nc1ccc2ncnc3c2c1CCN3c1ccc(F)c(Cl)c1Br,7.647019569566744,0.0712325279672314,0.3941028499870927,504.7910000000001,4.935300000000003,61.36000000000001,1,5,0.5,7.272838466593059,CN(C)C/C=C/C(=O)Nc1ccc2ncnc3c2c1CCN3c1ccc(F)c(Cl)c1,9.314458806464838,0.0447588835957084,0.6214205553234822,9.58041020053087,-1.667439236898094,-0.22731770533638945,-2.3075717339378112
O=C(CCCCCn1cc(-c2ccc3ncnc(Nc4cccc(Cl)c4F)c3c2)nn1)NOBr,8.226105593435184,0.0787326182931464,0.2033797888860197,548.8040000000001,5.342500000000003,106.85,2,7,1.0,7.249062869585048,O=C(CCCCCn1cc(-c2ccc3ncnc(Nc4cccc(Cl)c4F)c3c2)nn1)NO,9.52034512371626,0.0212573920710242,0.1876052314453322,9.592890347367902,-1.2942395302810752,0.01577455744068751,-2.3438274777828543
O=C(CCCCCCn1cc(-c2ccc3ncnc(Nc4cccc(Cl)c4F)c3c2)nn1)NOF,8.195684568409481,0.0639556752810361,0.2117651241629378,501.9250000000002,5.307200000000004,106.85,2,7,1.0,7.237611455209914,O=C(CCCCCCn1cc(-c2ccc3ncnc(Nc4cccc(Cl)c4F)c3c2)nn1)NO,9.52034512371626,0.0212573920710242,0.1669812919703811,9.582578377630426,-1.324660555306778,0.04478383219255669,-2.3449669224205127
O=C(CCCCCCn1cc(-c2ccc3ncnc(Nc4cccc(Cl)c4F)c3c2)nn1)NOBr,8.226105593435184,0.078732618293147,0.1774835119514542,562.8310000000001,5.732600000000003,106.85,2,7,1.0,7.236114731117764,O=C(CCCCCCn1cc(-c2ccc3ncnc(Nc4cccc(Cl)c4F)c3c2)nn1)NO,9.52034512371626,0.0212573920710242,0.1669812919703811,9.582578377630426,-1.2942395302810752,0.010502219981073091,-2.346463646512662
C/C=C/C(=O)Cc1cc2c(Cc3cccc(Br)c3)ncnc2cn1,6.8365798903729225,0.0394995878967226,0.62469487794401,382.261,4.065800000000004,55.74,0,4,0.0,7.109427741448205,C/C=C/C(=O)Cc1cc2c(Nc3cccc(Br)c3)ncnc2cn1,9.155818320515056,0.0110277555703004,0.6685952655904649,9.479088197739989,-2.319238430142134,-0.043900387646454875,-2.3696604562917836
O=C(O)CCCNc1c(Cl)cccc1Nc1ncnc2ccncc12,6.971708951053432,0.0397731127961,0.5541186007136436,357.8010000000001,3.698500000000002,100.03,3,6,0.0,7.208995138614154,O=C(O)CCCNc1c(Br)cccc1Nc1ncnc2ccncc12,9.35150962487041,0.0117032604596588,0.5170252665618642,9.598318997691685,-2.3798006738169777,0.0370933341517794,-2.389323859077531
OCCNc1c(Cl)cccc1Nc1ncnc2ccncc12,6.828935443876607,0.0231994048325489,0.6713140375099609,315.76400000000007,2.8260000000000005,82.96,3,6,0.0,7.141393057799038,OCCNc1c(Br)cccc1Nc1ncnc2ccncc12,9.3692884724959,0.0321953526069766,0.6490621421214131,9.661624190949633,-2.5403530286192924,0.02225189538854777,-2.5202311331505944
Cc1cccc(NC2=NC=NC3=CC=C(NC(=O)C=N)C32)c1,5.942981277717225,0.0581903959982323,0.7440832640632529,293.33000000000004,2.0106899999999994,89.69999999999999,3,5,0.0,6.256832513750619,C=CC(=O)NC1=CC=C2N=CN=C(Nc3cccc(C)c3)C21,9.148910562934578,0.0294474817887876,0.8407986245812334,9.539862393436406,-3.205929285217353,-0.09671536051798058,-3.2830298796857873
Cc1cccc(NC2=NC=NC3=CN=C(NC(=O)C=N)C32)c1,5.868298948701949,0.054940953028821,0.7193229596973815,294.31800000000004,1.4827899999999998,102.06,3,6,0.0,6.173019475521818,C=CC(=O)NC1=NC=C2N=CN=C(Nc3cccc(C)c3)C21,9.225868842634966,0.0115682051716229,0.8182257163781242,9.623413495652406,-3.357569893933017,-0.09890275668074278,-3.450394020130587
