smiles,predicted_pIC50,uncertainty,QED,MW,LogP,TPSA,HBD,HBA,ring_count,rotatable_bonds,fraction_csp3,lipinski_violations,penalty,SA_score,has_PAINS,PAINS_alert,structural_alert_count,structural_alerts,severe_alert_count,severe_alerts,covalent_warhead_count,covalent_warheads,max_train_similarity,top5_train_similarity,applicability_score,max_market_similarity,closest_market_name,novelty_score,market_novelty_score,potency_support,chemistry_support,safety_support,domain_support,agent_support_min,agent_support_mean,agent_support_max,agent_disagreement_score,multi_agent_balance,potency_vs_guardrails_gap,potency_reward,chemistry_reward,safety_reward,novelty_reward,naive_reward,applicability_penalty,market_copy_penalty,uncertainty_penalty,disagreement_penalty,reactivity_penalty,anti_hacking_penalty,reward_hacking_risk,reward_hacking_risk_level,reward_hacking_flags,verified_reward,audit_pass,audit_status,veto,veto_reasons,potency_percentile,qed_percentile,sa_percentile,novelty_percentile,applicability_percentile,balance_percentile,risk_percentile,uncertainty_percentile,naive_multi_objective_score,multi_objective_score,naive_score,naive_rank,audit_status_penalty,final_score,audit_priority,rank,audit_demote_positions,audit_promote_positions,selection_bucket,parent_seed,closest_pose_reference,closest_pose_smiles,shape_similarity,protrude_similarity,usr_similarity,alignment_score_raw,alignment_score_norm,docking_rescore,docking_backend,structural_priority_score,structural_rank
O=C(/C=C\F)Cc1cc2c(Nc3cccc(Br)c3)ncnc2cn1,9.008198305968923,0.0876310684407275,0.6673221117389069,387.2120000000001,4.125700000000002,67.77000000000001,1,5,3,5,0.0588235294117647,0,0.0,2.348080000000001,False,,0,,0,,0,,0.8333333333333334,0.7997338173018754,1.0,0.3378378378378378,Sunvozertinib,0.1666666666666666,0.6621621621621622,0.8157078285837216,0.7267163922256294,1.0,0.9155405405405406,0.7267163922256294,0.8644911903374728,1.0,0.2732836077743705,0.7267163922256294,-0.065044482338335,8.876751703307832,0.3209924646800832,-0.0,0.5236486486486487,9.721392816636564,0.0,0.0,0.0,0.0,0.0,0.0,0.0,low,,9.721392816636564,True,pass,False,,0.839493136219641,0.8732840549102429,0.8606124604012672,0.1019007391763463,0.8780359028511088,0.9852164730728616,0.8247096092925026,0.8099260823653643,0.7019007391763464,0.7883843717001056,10.56367370364818,12,0.0,10.667454062676692,0,1,0,11,lead,O=C(/C=C\Cl)Cc1cc2c(Nc3cccc(Br)c3)ncnc2cn1,Osimertinib,COc1cc2ncnc(Nc3ccc(F)c(Cl)c3)c2cc1NC(=O)C=C,0.5724437425977102,0.7529859788817725,0.759545316959218,114.7881184731506,0.8523831639418105,0.7159573600628494,reference_ligand,11.204422082723829,1
OCc1ccc(-c2cc3c(N[C@H](CF)c4ccccc4)ncnc3[nH]2)cc1,9.309985758509136,0.0240202082609122,0.4796017385083468,362.408,4.239900000000002,73.83,3,4,4,6,0.1428571428571428,0,0.0,2.83272,False,,0,,0,,0,,0.8431372549019608,0.729453661806603,1.0,0.2051282051282051,Afatinib,0.1568627450980392,0.7948717948717949,0.935682293844646,0.6048301869488215,1.0,0.9487179487179488,0.6048301869488215,0.872307607377854,1.0,0.3951698130511785,0.6048301869488215,0.0844995819557223,9.27395544611777,0.068979452794061,-0.0,0.5590497737556561,9.901984672667488,0.0,0.0,0.0,0.1189622663139731,0.0,0.1189622663139731,0.0,low,,9.783022406353512,True,pass,False,,0.9640971488912354,0.4366420274551214,0.5274551214361141,0.0712777191129883,0.8780359028511088,0.8389651531151003,0.8247096092925026,0.9873284054910244,0.614545934530095,0.7181362196409713,10.6394397941036,5,0.0,10.64478586992268,0,2,0,3,lead,OCc1ccc(-c2cc3c(N[C@H](CO)c4ccccc4)ncnc3[nH]2)cc1,Afatinib,CN(C)CCOC1=CC2=C(NC3=CC=CC=C3F)N=CN=C2C=C1,0.5548069448043534,0.7526806117068026,0.7724180735224596,93.65771488088332,0.7900659645850401,0.6967186588736362,reference_ligand,11.167324864077909,2
COc1cc(CO)ccc1-c1cc2c(N[C@H](C)c3ccccc3)ncnc2[nH]1,9.498957507913254,0.1212183140959555,0.468660740099691,374.444,4.298900000000003,83.06,3,5,4,6,0.1818181818181818,0,0.0,2.91296,False,,0,,0,,0,,0.8135593220338984,0.7520840597090612,1.0,0.2272727272727272,Osimertinib,0.1864406779661016,0.7727272727272727,0.9148865571111444,0.5957264839779071,1.0,0.943181818181818,0.5957264839779071,0.8634487148177175,1.0,0.4042735160220929,0.5957264839779071,0.0685837897245695,9.31713003676932,0.0498985582815091,-0.0,0.5657164869029275,9.932745081953756,0.0,0.0,0.0318274711439333,0.1303418950276161,0.0,0.1621693661715495,0.0,low,,9.770575715782208,True,pass,False,,0.9957761351636748,0.3711721224920802,0.5121436114044351,0.1805702217529039,0.8780359028511088,0.7940865892291447,0.8247096092925026,0.6884899683210137,0.6352692713833157,0.7077877507919748,10.695068207613737,4,0.0,10.619921016732578,0,3,0,1,lead,C[C@@H](Nc1ncnc2[nH]c(-c3ccc(CO)cc3)cc12)c1ccccc1,Afatinib,CN(C)CCOC1=CC2=C(NC3=CC=CC=C3F)N=CN=C2C=C1,0.4286542251072215,0.6487719298245613,0.8318639182796858,79.59345328765423,0.7346107213357289,0.6298088287423091,reference_ligand,11.09227763828931,3
COCCOc1cnccc1-c1[nH]c2c(c1Nc1cccc(F)c1Cl)C(=O)NCC2,9.297263540564424,0.0429533867945481,0.4942665847544341,430.8670000000001,3.9239000000000015,88.27000000000001,3,5,4,7,0.238095238095238,0,0.0,3.0391133333333347,False,,0,,0,,0,,0.8382352941176471,0.8148096052755591,1.0,0.198019801980198,Gefitinib,0.1617647058823529,0.801980198019802,0.9192485143849224,0.6049576472559643,1.0,0.9504950495049505,0.6049576472559643,0.8686753027864593,1.0,0.3950423527440356,0.6049576472559643,0.0674309487979508,9.232833460372602,0.0622091085639577,-0.0,0.5633881770529994,9.858430745989558,0.0,0.0,0.0,0.1188029409300445,0.0,0.1188029409300445,0.0,low,,9.739627805059516,True,pass,False,,0.9609292502639916,0.4973600844772967,0.3262935586061246,0.0876451953537486,0.8780359028511088,0.8405491024287223,0.8247096092925026,0.9588173178458288,0.598363252375924,0.7065469904963041,10.576466648840666,9,0.0,10.58748419365508,0,4,0,5,lead,COCCOc1cnccc1-c1[nH]c2c(c1Nc1cccc(F)c1Br)C(=O)NCC2,Osimertinib,COc1cc2ncnc(Nc3ccc(F)c(Cl)c3)c2cc1NC(=O)C=C,0.4344111603763383,0.6497897120672922,0.7541675550115002,101.71396652373018,0.8164435033817135,0.6369462353929052,reference_ligand,11.065193870199758,5
CCOc1cc(C)ccc1-c1cc2c(N[C@H](CO)c3ccccc3)ncnc2[nH]1,9.466693563673,0.0557881390506043,0.4348209892776107,388.471,4.477520000000003,83.06,3,5,4,7,0.217391304347826,0,0.0,3.1064733333333336,False,,0,,0,,0,,0.8245614035087719,0.7263907753254103,1.0,0.2048192771084337,Afatinib,0.175438596491228,0.7951807228915663,0.9526216935828268,0.5696718005129423,1.0,0.9487951807228916,0.5696718005129423,0.8677721687046651,1.0,0.4303281994870577,0.5696718005129423,0.1131326998375488,9.383011355097093,-0.0094108802876067,-0.0,0.5675015852885225,9.941102060098007,0.0,0.0,0.0,0.1629102493588221,0.0,0.1629102493588221,0.0,low,,9.778191810739186,True,pass,False,,0.9915522703273496,0.2296726504751848,0.2587117212249208,0.1393875395987328,0.8780359028511088,0.6552270327349525,0.8247096092925026,0.9208025343189018,0.5588173178458289,0.6535638859556494,10.611682841513002,6,0.0,10.562468473885964,0,6,0,0,lead,CCOc1ccccc1-c1cc2c(N[C@H](CO)c3ccccc3)ncnc2[nH]1,Afatinib,CN(C)CCOC1=CC2=C(NC3=CC=CC=C3F)N=CN=C2C=C1,0.4438093060477878,0.6800981079187105,0.8176115208448215,87.0531914464099,0.7656375719712512,0.6462845758622449,reference_ligand,11.047181905782647,6
[2H]C([2H])([2H])Oc1ccccc1-c1cc2c(N[C@H](CF)c3ccccc3)ncnc2[nH]1,9.118298805305123,0.0294552951153505,0.5172404728978485,365.426305334,4.756200000000003,62.83,2,4,4,6,0.1428571428571428,0,0.0,2.85284203556,False,,0,,0,,0,,0.8214285714285714,0.6974036986190745,0.9952794520346808,0.2278481012658227,Afatinib,0.1785714285714286,0.7721518987341772,0.8839559947455359,0.624757566418432,1.0,0.9394975637095548,0.624757566418432,0.8620527812183807,1.0,0.3752424335815679,0.624757566418432,0.0292042847028736,9.0741158626321,0.1035998818495627,-0.0,0.5608225754860662,9.738538319967727,0.0,0.0,0.0,0.0940530419769599,0.0,0.0940530419769599,0.0,low,,9.64448527799077,True,pass,False,,0.8827877507919747,0.5638859556494192,0.5163674762407603,0.1557550158394931,0.750791974656811,0.8986272439281943,0.8247096092925026,0.9820485744456178,0.6186378035902851,0.7131467793030623,10.480903684276072,22,0.0,10.500261413154444,0,9,0,13,lead,[2H]C([2H])([2H])Oc1ccccc1-c1cc2c(N[C@H](CO)c3ccccc3)ncnc2[nH]1,Osimertinib,COc1cc2ncnc(Nc3ccc(F)c(Cl)c3)c2cc1NC(=O)C=C,0.6072394692773413,0.7643911139938382,0.754046972431909,97.23951257275192,0.8022315827926602,0.716779327230384,reference_ligand,11.037845908577232,8
OCc1ccc(-c2cc3c(N[C@H](CO)c4ccccc4)ncnc3[nH]2)c(F)c1,9.352103292664582,0.0719632203294347,0.4125713732623113,378.407,3.4018000000000006,94.06,4,5,4,6,0.1428571428571428,0,0.0,2.9393800000000003,False,,0,,0,,0,,0.75,0.7020669221488893,1.0,0.2278481012658227,Afatinib,0.25,0.7721518987341772,0.9126515689355412,0.5638611783711943,1.0,0.9430379746835444,0.5638611783711943,0.85488768049757,1.0,0.4361388216288057,0.5638611783711943,0.0770185179172949,9.24415846217043,-0.0140499124519744,-0.0,0.5941455696202531,9.824254119338708,0.0,0.0,0.0,0.1701735270360071,0.0,0.1701735270360071,0.0,low,,9.6540805923027,True,pass,False,,0.9714889123548046,0.1578669482576557,0.4340021119324181,0.4772967265047518,0.8780359028511088,0.6261879619852164,0.8247096092925026,0.8722280887011615,0.6293030623020063,0.6827613516367476,10.579417794101117,8,0.0,10.473394214266795,0,11,3,0,lead,OCc1ccc(-c2cc3c(N[C@H](CO)c4ccccc4)ncnc3[nH]2)cc1,Afatinib,CN(C)CCOC1=CC2=C(NC3=CC=CC=C3F)N=CN=C2C=C1,0.5241181602891687,0.7360406091370558,0.7936256252442566,86.45820741983931,0.7633019790881899,0.6802000977495191,reference_ligand,10.983544287578937,11
Cc1ccccc1-c1cc2c(N[C@H](CO)c3ccccc3)ncnc2[nH]1,9.143840742783018,0.1313583952525809,0.509941198085486,344.418,4.078820000000002,73.83,3,4,4,5,0.1428571428571428,0,0.0,2.65,False,,0,,0,,0,,0.7592592592592593,0.7324083694083694,1.0,0.2105263157894736,Afatinib,0.2407407407407407,0.7894736842105263,0.819009309018948,0.6285445820239404,1.0,0.9473684210526316,0.6285445820239404,0.8487305780238801,1.0,0.3714554179760596,0.6285445820239404,-0.0396283586732426,8.946803149904147,0.1267269123712003,-0.0,0.5951754385964911,9.66870550087184,0.0,0.0,0.0470375928788713,0.0893192724700745,0.0,0.1363568653489458,0.0,low,,9.532348635522894,True,pass,False,,0.9028511087645196,0.544350580781415,0.6325237592397043,0.428194297782471,0.8780359028511088,0.9123548046462512,0.8247096092925026,0.6504751847940866,0.6956705385427666,0.7526135163674763,10.503510147123158,17,0.0,10.435484855163866,0,16,0,1,lead,OC[C@@H](Nc1ncnc2[nH]c(-c3ccccc3)cc12)c1ccccc1,Osimertinib,COc1cc2ncnc(Nc3ccc(F)c(Cl)c3)c2cc1NC(=O)C=C,0.4575811209439527,0.6297499188048068,0.8501898510639576,86.29701159279044,0.7626652118820294,0.6468076492746437,reference_ligand,10.920590592119847,15
COC(C)(C)COc1cnccc1-c1[nH]c2c(c1Nc1ccc(C)c(F)c1C)C(=O)NCC2,9.23372605594051,0.0452087517221538,0.4850605147304438,452.53000000000026,4.665940000000003,88.27000000000001,3,5,4,7,0.36,0,0.0,3.183533333333335,False,,0,,0,,0,,0.8285714285714286,0.768011583011583,1.0,0.145631067961165,Osimertinib,0.1714285714285713,0.854368932038835,0.9017853877796198,0.5943396933581543,1.0,0.9635922330097088,0.5943396933581543,0.8649293285368707,1.0,0.4056603066418457,0.5943396933581543,0.0491414123236655,9.16591292835728,0.0435305147304435,-0.0,0.5834535367545076,9.792896979842231,0.0,0.0,0.0,0.1320753833023071,0.0,0.1320753833023071,0.0,low,,9.660821596539924,True,pass,False,,0.9398099260823654,0.4493136219640971,0.162090813093981,0.1209081309398099,0.8780359028511088,0.7761351636747624,0.8247096092925026,0.9535374868004224,0.5612724392819429,0.6732048574445617,10.466423906980562,25,0.0,10.468667425473395,0,12,0,13,lead,COC(C)(C)COc1cnccc1-c1[nH]c2c(c1Nc1cccc(F)c1C)C(=O)NCC2,Sunvozertinib,C=CC(=O)Nc1cc2ncnc(Nc3ccc(F)c(Cl)c3)c2cn1,0.3956373410524139,0.6781853623958887,0.6143719733670406,101.17333402827708,0.8147820860404688,0.6006800580310478,reference_ligand,10.91917746899668,16
OC[C@@H](Nc1ncnc2[nH]c(-c3cccc(F)c3)cc12)c1ccccc1,8.987055947070866,0.0223018576993914,0.5111779610192174,348.3810000000001,3.909500000000002,73.83,3,4,4,5,0.1,0,0.0,2.65,False,,0,,0,,0,,0.8163265306122449,0.7479353144766678,1.0,0.2368421052631578,Afatinib,0.183673469387755,0.7631578947368421,0.8561526863781426,0.6292248016374926,1.0,0.9407894736842104,0.6292248016374926,0.8565417404249615,1.0,0.3707751983625074,0.6292248016374926,-0.0005187387290918,8.953603160521778,0.1236779610192174,-0.0,0.5616004296455424,9.638881551186538,0.0,0.0,0.0,0.0884689979531342,0.0,0.0884689979531342,0.0,low,,9.550412553233404,True,pass,False,,0.8268215417106652,0.5543822597676874,0.6325237592397043,0.1721224920802534,0.8780359028511088,0.9181626187961984,0.8247096092925026,0.9883843717001056,0.6122492080253431,0.7231784582893348,10.373580600816949,46,0.0,10.418226703180606,0,19,0,27,lead,OC[C@@H](Nc1ncnc2[nH]c(-c3ccccc3)cc12)c1ccccc1,Afatinib,CN(C)CCOC1=CC2=C(NC3=CC=CC=C3F)N=CN=C2C=C1,0.5215081627364602,0.7040405807241561,0.710143272666861,98.02661807773312,0.8048090498398209,0.6665668900959196,reference_ligand,10.918151870752546,17
COC(CO)CN(C)c1cc2c(Nc3cccc(Br)c3)ncnc2cn1,8.868210388529539,0.049622399231385,0.610528523996854,418.2950000000001,2.9744,83.4,2,7,3,7,0.2777777777777778,0,0.0,3.105300000000001,False,,0,,0,,0,,0.7833333333333333,0.7021345628415301,1.0,0.3116883116883117,Afatinib,0.2166666666666666,0.6883116883116883,0.8073169176704151,0.6663560728136544,1.0,0.922077922077922,0.6663560728136544,0.848937728140498,1.0,0.3336439271863456,0.6663560728136544,-0.0554944139601103,8.793776789682461,0.1725113017746316,-0.0,0.5539935064935064,9.5202815979506,0.0,0.0,0.0,0.042054908982932,0.0,0.042054908982932,0.0,low,,9.478226688967668,True,pass,False,,0.7750791974656811,0.7692713833157339,0.2624076029567054,0.3220696937697994,0.8780359028511088,0.9656810982048576,0.8247096092925026,0.941921858500528,0.6064149947201689,0.7203009503695881,10.247979591614802,90,0.0,10.342587829411174,0,35,0,55,advance,CN(CC(O)CO)c1cc2c(Nc3cccc(Br)c3)ncnc2cn1,Osimertinib,COc1cc2ncnc(Nc3ccc(F)c(Cl)c3)c2cc1NC(=O)C=C,0.6247579708274171,0.7825383993532741,0.7294732475530882,129.8717336538925,0.8851959933107652,0.7423666174985598,reference_ligand,10.899362792535094,23
[2H]C([2H])([2H])Oc1cc(OC)ccc1-c1cc2c(N[C@H](CO)c3ccccc3)ncnc2[nH]1,9.3748988562839,0.1045186274131415,0.4424444747416858,393.461305334,3.787600000000002,92.29,3,6,4,7,0.1818181818181818,0,0.0,3.1397420355600008,False,,0,,0,,0,,0.8135593220338984,0.7449674560373714,1.0,0.2289156626506024,Afatinib,0.1864406779661016,0.7710843373493976,0.8955616748817761,0.5725851520479273,1.0,0.9427710843373494,0.5725851520479273,0.8527294778167631,1.0,0.4274148479520727,0.5725851520479273,0.0571095960866839,9.218120915164189,-0.010335012410496,-0.0,0.565223606289565,9.77300950904326,0.0,0.0,0.0067779411197122,0.1592685599400909,0.0,0.1660465010598032,0.0,low,,9.606963007983456,True,pass,False,,0.9799366420274552,0.2523759239704329,0.1874340021119324,0.1805702217529039,0.8780359028511088,0.6694825765575502,0.8247096092925026,0.750791974656811,0.555675818373812,0.6434002111932416,10.439820491091831,29,0.0,10.379043261415346,0,25,0,4,lead,[2H]C([2H])([2H])Oc1ccccc1-c1cc2c(N[C@H](CO)c3ccccc3)ncnc2[nH]1,Osimertinib,COc1cc2ncnc(Nc3ccc(F)c(Cl)c3)c2cc1NC(=O)C=C,0.534521420984303,0.7333225388601037,0.7118454779928306,105.99485951597772,0.8290836446125003,0.6833870118682179,reference_ligand,10.891583520316509,25
CN(CC(O)CF)c1cc2c(Nc3cccc(Br)c3)ncnc2cn1,8.8232639520811,0.1064392453542095,0.6546809434460392,406.25900000000007,3.297500000000001,74.17,2,6,3,6,0.2352941176470588,0,0.0,2.9250600000000007,False,,0,,0,,0,,0.8421052631578947,0.7373726132502693,1.0,0.32,Afatinib,0.1578947368421053,0.6799999999999999,0.7563085162723281,0.6975722112030138,1.0,0.92,0.6975722112030138,0.8434701818688355,1.0,0.3024277887969862,0.6975722112030138,-0.1162155541286764,8.663605084049784,0.239451355210745,-0.0,0.5250526315789474,9.428109070839476,0.0,0.0,0.0096588680313143,0.0030347359962327,0.0,0.012693604027547,0.0,low,,9.41541546681193,True,pass,False,,0.7624076029567054,0.8616684266103485,0.4625131995776135,0.0760295670538542,0.8780359028511088,0.9799366420274552,0.8247096092925026,0.7412882787750792,0.6000000000000001,0.7171594508975712,10.148109070839478,118,0.0,10.276006807889017,0,54,0,64,advance,CN(CC(O)CO)c1cc2c(Nc3cccc(Br)c3)ncnc2cn1,Osimertinib,COc1cc2ncnc(Nc3ccc(F)c(Cl)c3)c2cc1NC(=O)C=C,0.6486159634506853,0.7910521140609637,0.9062009096163602,129.92955428257443,0.8853065740175237,0.7877928354475856,reference_ligand,10.866851434474706,28
CCOc1cc(C(N)=O)ccc1-c1cc2c(N[C@H](C)c3ccccc3)ncnc2[nH]1,9.325634791253622,0.0290396018856404,0.4281598724914338,401.4700000000001,4.295600000000002,105.92,3,5,4,7,0.1739130434782608,0,0.0,3.1931333333333343,False,,0,,0,,0,,0.8333333333333334,0.7241708932414891,1.0,0.2065217391304347,Osimertinib,0.1666666666666666,0.7934782608695652,0.9360809764934572,0.562675109357468,1.0,0.9483695652173914,0.562675109357468,0.8617814127670791,1.0,0.437324890642532,0.562675109357468,0.0990660849685041,9.28207538842516,-0.0334188231607402,-0.0,0.5630434782608695,9.81170004352529,0.0,0.0,0.0,0.171656113303165,0.0,0.171656113303165,0.0,low,,9.640043930222124,True,pass,False,,0.9672650475184794,0.2006335797254488,0.1510031678986272,0.1019007391763463,0.8780359028511088,0.6209081309398099,0.8247096092925026,0.9831045406546992,0.5184266103484688,0.6270855332629357,10.433811975943453,32,0.0,10.392546570137648,0,23,0,9,lead,COc1cc(C(N)=O)ccc1-c1cc2c(N[C@H](C)c3ccccc3)ncnc2[nH]1,Sunvozertinib,C=CC(=O)Nc1cc2ncnc(Nc3ccc(F)c(Cl)c3)c2cn1,0.4596857437779562,0.709506107275624,0.7272195810289405,78.49895405337953,0.7297251570530695,0.630666437246465,reference_ligand,10.865546398072498,30
CNc1cc2c(Nc3cccc(C(F)(F)Cl)c3)ncnc2cn1,8.868414085075802,0.1256997015352208,0.7028233705347067,335.745,4.098200000000002,62.73,2,5,3,4,0.1333333333333333,0,0.0,2.0,False,,1,alkyl_halide,0,,0,,0.8333333333333334,0.7093333333333334,1.0,0.3428571428571428,Sunvozertinib,0.1666666666666666,0.6571428571428571,0.754113730194296,0.7596297768710119,0.88,0.9142857142857144,0.754113730194296,0.8270073053377555,0.9142857142857144,0.1601719840914183,0.8398280159085817,-0.0971914335246126,8.67986453277297,0.41615670386804,-0.2,0.5221428571428571,9.418164093783869,0.0,0.0,0.0385495523028312,0.0,0.0,0.0385495523028312,0.0,low,,9.379614541481038,True,pass,False,,0.7761351636747624,0.914466737064414,0.9408658922914468,0.1019007391763463,0.8780359028511088,0.9947201689545936,0.8247096092925026,0.6737064413938754,0.6936642027455121,0.7777191129883845,10.250561137078485,88,0.0,10.3128774770671,0,42,0,46,advance,CNc1cc2c(Nc3cccc(C(F)(F)F)c3)ncnc2cn1,Afatinib,CN(C)CCOC1=CC2=C(NC3=CC=CC=C3F)N=CN=C2C=C1,0.6389625699970527,0.7992626728110599,0.6461555143414591,122.70346601653478,0.8706272837047232,0.730377357855653,reference_ligand,10.86066049545884,31
COc1cnc(C)cc1-c1cc2c(N[C@H](CO)c3ccccc3)ncnc2[nH]1,9.106953580493697,0.0532132439180185,0.4774440101834534,375.432,3.4824200000000003,95.95,3,6,4,6,0.1904761904761904,0,0.0,2.9195466666666667,False,,0,,0,,0,,0.7894736842105263,0.7358345055169349,1.0,0.2413793103448276,Osimertinib,0.2105263157894736,0.7586206896551724,0.8644891243808107,0.600303949190643,1.0,0.9396551724137931,0.600303949190643,0.8511120614963117,1.0,0.399696050809357,0.600303949190643,0.0178360838459985,9.027133714616667,0.0585596292310724,-0.0,0.5723230490018149,9.658016392849555,0.0,0.0,0.0,0.1246200635116962,0.0,0.1246200635116962,0.0,low,,9.53339632933786,True,pass,False,,0.8785638859556494,0.4303062302006336,0.4852164730728616,0.2856388595564942,0.8780359028511088,0.8257655755015839,0.8247096092925026,0.9292502639915524,0.611325237592397,0.7045142555438225,10.391606677960432,40,0.0,10.378813435990446,0,26,0,14,advance,COc1cnccc1-c1cc2c(N[C@H](CO)c3ccccc3)ncnc2[nH]1,Afatinib,CN(C)CCOC1=CC2=C(NC3=CC=CC=C3F)N=CN=C2C=C1,0.445372221568858,0.6635710530926933,0.7845453417385004,88.8160276195486,0.7724231116662308,0.6386093344318968,reference_ligand,10.85777043681437,32
COc1cccc(F)c1-c1cc2c(N[C@H](CO)c3ccccc3)ncnc2[nH]1,9.07334079433644,0.0613419513093191,0.4736945471819129,378.407,3.9181000000000017,83.06,3,5,4,6,0.1428571428571428,0,0.0,2.9393800000000003,False,,0,,0,,0,,0.7457627118644068,0.6793272981726372,0.9624132694047948,0.2823529411764706,Osimertinib,0.2542372881355932,0.7176470588235294,0.8503958326675867,0.5974789240269752,1.0,0.9012217167594784,0.5974789240269752,0.8372741183635101,1.0,0.4025210759730248,0.5974789240269752,0.0174956190721021,8.981327867372462,0.0470732614676271,-0.0,0.5703042146592745,9.598705343499365,0.0,0.0,0.0,0.128151344966281,0.0,0.128151344966281,0.0,low,,9.470553998533084,True,pass,False,,0.8658922914466737,0.409714889123548,0.4340021119324181,0.503167898627244,0.6826821541710665,0.8046462513199577,0.8247096092925026,0.9091869060190074,0.6373284054910243,0.6916050686378037,10.363499430088591,50,0.0,10.30048008089845,0,45,0,5,advance,COc1ccccc1-c1cc2c(N[C@H](CO)c3ccccc3)ncnc2[nH]1,Osimertinib,COc1cc2ncnc(Nc3ccc(F)c(Cl)c3)c2cc1NC(=O)C=C,0.5506661777288839,0.7284928848641656,0.7299766775571596,106.2311923705082,0.8297555396557736,0.6918659596033179,reference_ligand,10.819379550600935,43
CNC(=O)c1ccc(-c2cc3c(N[C@H](C)c4ccccc4)ncnc3[nH]2)c(OC)c1,9.225725108737118,0.0385706594805406,0.4510614696588043,401.4700000000001,4.166200000000002,91.93,3,5,4,6,0.1739130434782608,0,0.0,3.093133333333334,False,,0,,0,,0,,0.8333333333333334,0.6849992196292007,0.972725853871274,0.247191011235955,Osimertinib,0.1666666666666666,0.752808988764045,0.904431815547901,0.5791171416456757,1.0,0.9177466375944668,0.5791171416456757,0.8503238986970109,1.0,0.4208828583543242,0.5791171416456757,0.0721438891345201,9.167869119516308,0.0044827740066303,-0.0,0.5440241600970319,9.716376053619973,0.0,0.0,0.0,0.1511035729429053,0.0,0.1511035729429053,0.0,low,,9.565272480677066,True,pass,False,,0.9376979936642028,0.3262935586061246,0.2777191129883843,0.1019007391763463,0.7117212249208026,0.7170010559662091,0.8247096092925026,0.969376979936642,0.5492608236536431,0.6420274551214362,10.375489042004345,44,0.0,10.33570542682279,0,37,0,7,advance,COc1cc(C(N)=O)ccc1-c1cc2c(N[C@H](C)c3ccccc3)ncnc2[nH]1,Dacomitinib,COc1cc2ncnc(Nc3ccc(F)c(Cl)c3)c2cc1OCCCN1CCOCC1,0.4405033191320717,0.6266384778012686,0.7746497870572279,107.28679176261662,0.8327245118457327,0.6426149426293576,reference_ligand,10.817666633794808,44
COc1c(-c2cc3c(N[C@H](CO)c4ccccc4)ncnc3[nH]2)ccnc1C,9.127144582247636,0.1208283791981906,0.4774440101834533,375.4320000000001,3.482420000000001,95.95,3,6,4,6,0.1904761904761904,0,0.0,2.919546666666667,False,,0,,0,,0,,0.7258064516129032,0.6842943794556697,0.9714443262830358,0.2111111111111111,Osimertinib,0.2741935483870967,0.7888888888888889,0.8222062801231755,0.600303949190643,1.0,0.925805466934499,0.600303949190643,0.8370789240620794,1.0,0.399696050809357,0.600303949190643,-0.0198301919185385,8.94590201345035,0.0585596292310723,-0.0,0.6029148450116191,9.607376487693042,0.0,0.0,0.031242568797286,0.1246200635116962,0.0,0.1558626323089822,0.0,low,,9.45151385538406,True,pass,False,,0.8901795142555439,0.426610348468849,0.4757127771911298,0.617740232312566,0.7090813093980992,0.8257655755015839,0.8247096092925026,0.689545934530095,0.6808078141499472,0.7108236536430834,10.42434586467298,33,0.0,10.30450223975576,0,44,11,0,advance,COc1cnccc1-c1cc2c(N[C@H](CO)c3ccccc3)ncnc2[nH]1,Osimertinib,COc1cc2ncnc(Nc3ccc(F)c(Cl)c3)c2cc1NC(=O)C=C,0.4767859210373972,0.666235237016664,0.809990084759964,86.2826851981211,0.7626085359185578,0.652772270698054,reference_ligand,10.7940814427793,49
CCOc1ccccc1-c1cc2c(N[C@H](CO)c3cccc(F)c3)ncnc2[nH]1,9.282467406644445,0.1082349637734712,0.4365765311989033,392.434,4.308200000000003,83.06,3,5,4,7,0.1818181818181818,0,0.0,3.132893333333334,False,,0,,0,,0,,0.8275862068965517,0.713717126171937,1.0,0.2289156626506024,Afatinib,0.1724137931034483,0.7710843373493976,0.8698523770196813,0.5696211947234995,1.0,0.9427710843373494,0.5696211947234995,0.8455611640201326,1.0,0.4303788052765005,0.5696211947234995,0.0323882839993984,9.120114960984235,-0.0151756506192785,-0.0,0.558911508101371,9.66385081846633,0.0,0.0,0.0123524456602068,0.1629735065956256,0.0,0.1753259522558325,0.0,low,,9.488524866210495,True,pass,False,,0.955649419218585,0.2402323125659979,0.1964097148891235,0.1272439281942977,0.8780359028511088,0.6494192185850053,0.8247096092925026,0.73389651531151,0.532998944033791,0.6270063357972544,10.303449551306878,70,0.0,10.240932469167202,0,66,0,4,advance,CCOc1ccccc1-c1cc2c(N[C@H](CO)c3ccccc3)ncnc2[nH]1,Afatinib,CN(C)CCOC1=CC2=C(NC3=CC=CC=C3F)N=CN=C2C=C1,0.5291309669522644,0.7578892005610098,0.7933318961787852,108.1342929297474,0.8350706725788333,0.7042077259259598,reference_ligand,10.769088263611671,54
