smiles_canonical,ic50_nm_median,pIC50_median,n_measurements,year_min,year_max,n_sources
Nc1ccc2c(Nc3cccc(Br)c3)ncnc2c1,0.1,10.0,2,1995,1996,1
Nc1ccc2cncnc2c1,0.1,10.0,1,1996,1996,1
Nc1cc2ncnc(Nc3cccc(Br)c3)c2cc1N,0.12,9.920818753952375,2,1995,1996,1
Nc1cc2c(Nc3cccc(Br)c3)ncnc2cn1,0.13,9.886056647693163,2,1996,1998,1
CNc1cc2ncnc(Nc3cccc(Br)c3)c2cn1,0.13,9.886056647693163,2,1996,1997,1
C=CC(=O)N(C)c1cc2c(Nc3cccc(Br)c3)ncnc2cn1,0.17,9.769551078621726,1,2001,2001,1
Oc1cc2ncnc(Nc3cccc(Br)c3)c2cc1O,0.17,9.769551078621726,2,1995,1996,1
CCCOc1cc2ncnc(Nc3cccc(Br)c3)c2cc1OCCC,0.17,9.769551078621726,1,1996,1996,1
OCC(O)CNc1cc2c(Nc3cccc(Br)c3)ncnc2cn1,0.18,9.744727494896694,1,1998,1998,1
OCCNc1cc2c(Nc3cccc(Br)c3)ncnc2cn1,0.19,9.721246399047171,1,1998,1998,1
CNc1cc2c(Nc3cccc(Cl)c3)ncnc2cn1,0.19,9.721246399047171,1,1998,1998,1
CN(CCO)c1cc2c(Nc3cccc(Br)c3)ncnc2cn1,0.22,9.657577319177793,1,1998,1998,1
OCCNc1cc2ncnc(Nc3cccc(Br)c3)c2cn1,0.24,9.619788758288394,1,1997,1997,1
COc1cc2ncnc(Nc3cccc(C(F)(F)F)c3)c2cc1OC,0.24,9.619788758288394,1,1996,1996,1
Nc1ccc2c(Nc3cccc(Cl)c3)ncnc2c1,0.25,9.602059991327963,1,1996,1996,1
Brc1cccc(Nc2ncnc3cnc(NCCc4cnc[nH]4)nc23)c1,0.25,9.602059991327963,1,1997,1997,1
O=C(O)CCNc1cc2c(Nc3cccc(Br)c3)ncnc2cn1,0.27,9.568636235841012,1,1998,1998,1
Nc1ccc2sc3c(Nc4cccc(Br)c4)ncnc3c2c1,0.27,9.568636235841012,1,1999,1999,1
O=C(O)CNc1cc2c(Nc3cccc(Br)c3)ncnc2cn1,0.28,9.55284196865778,1,1998,1998,1
O=C(O)CCCNc1cc2ncnc(Nc3cccc(Br)c3)c2cn1,0.28,9.55284196865778,1,1997,1997,1
Cc1nc2cc3ncnc(Nc4cccc(Br)c4)c3cc2[nH]1,0.29,9.537602002101044,1,1996,1996,1
Brc1cccc(Nc2ncnc3cc4cn[nH]c4cc23)c1,0.34,9.468521082957745,1,1996,1996,1
Nc1ccc2c(Nc3cccc(I)c3)ncnc2c1,0.35,9.455931955649724,1,1996,1996,1
OCCN(CCO)CCCNc1cc2c(Nc3cccc(Br)c3)ncnc2cn1,0.35,9.455931955649724,1,1998,1998,1
Cn1ncc2cc3c(Nc4cccc(Br)c4)ncnc3cc21,0.37,9.431798275933005,1,1997,1997,1
O=C(O)/C=C/C(=O)Nc1ccc2ncnc(Nc3cccc(Br)c3)c2c1,0.37,9.431798275933005,1,2001,2001,1
C=CS(=O)(=O)c1cc2c(Nc3cccc(Br)c3)ncnc2cn1,0.43,9.366531544420413,1,2001,2001,1
CN(C)CCCNC(=O)/C=C/C(=O)Nc1ccc2ncnc(Nc3cccc(Br)c3)c2c1,0.44,9.356547323513812,1,2001,2001,1
CN(CC(=O)O)c1cc2c(Nc3cccc(Br)c3)ncnc2cn1,0.44,9.356547323513812,1,1998,1998,1
Brc1cccc(Nc2ncnc3cc4[nH]ccc4cc23)c1,0.44,9.356547323513812,3,1996,1999,1
Brc1cccc(Nc2ncnc3cc4[nH]ncc4cc23)c1,0.44,9.356547323513812,3,1996,1999,1
CNc1cc2c(Nc3cccc(C)c3)ncnc2cn1,0.45,9.346787486224656,1,1998,1998,1
CCN(CC)CC(O)CNC(=O)c1cc(C)c(/C=C2\C(=O)Nc3ncnc(Nc4ccc(F)c(Cl)c4)c32)[nH]1,0.45,9.346787486224656,1,2002,2002,1
Nc1ccc2c(c1)sc1c(Nc3cccc(Br)c3)ncnc12,0.47,9.327902142064282,1,1999,1999,1
C/C=C/C(=O)Nc1cc2c(Nc3cccc(Br)c3)ncnc2cn1,0.5,9.301029995663981,1,2001,2001,1
Brc1cccc(Nc2ncnc3cc(NCCCn4ccnc4)ncc23)c1,0.51,9.292429823902063,1,1997,1997,1
O=C(/C=C/C(=O)Nc1cc2c(Nc3cccc(Br)c3)ncnc2cn1)NCCCn1ccnc1,0.56,9.2518119729938,1,2001,2001,1
CN(CC(O)CO)c1cc2c(Nc3cccc(Br)c3)ncnc2cn1,0.56,9.2518119729938,1,1998,1998,1
O=C(O)CCNc1cc2ncnc(Nc3cccc(Br)c3)c2cn1,0.61,9.214670164989233,1,1997,1997,1
O=C(/C=C/C(=O)Nc1cc2c(Nc3ccc(F)c(Cl)c3)ncnc2cn1)NCCCN1CCOCC1,0.61,9.214670164989233,1,2001,2001,1
Brc1cccc(Nc2ncnc3cnc(NCCN4CCOCC4)cc23)c1,0.65,9.187086643357144,1,1998,1998,1
COc1cc2ncnc(Nc3cccc(Br)c3)c2c(OC)c1OC,0.67,9.173925197299173,1,1996,1996,1
O=C(/C=C\Cl)Nc1cc2c(Nc3cccc(Br)c3)ncnc2cn1,0.69,9.161150909262744,1,2001,2001,1
CNc1cc2ncnc(Nc3cccc(Br)c3)c2cc1N,0.69,9.161150909262744,1,1996,1996,1
CN(CC(=O)O)Cc1c[nH]c2cc3ncnc(Nc4cccc(Br)c4)c3cc12,0.72,9.142667503568731,1,1997,1997,1
CCN(CC)CCCNC(=O)/C=C/C(=O)Nc1cc2c(Nc3cccc(Br)c3)ncnc2cn1,0.73,9.136677139879545,1,2001,2001,1
[O-][N+]1(CCCNc2cc3ncnc(Nc4cccc(Br)c4)c3cn2)CCOCC1,0.74,9.130768280269024,1,1997,1997,1
C=CS(=O)(=O)Nc1cc2c(Nc3cccc(Br)c3)ncnc2cn1,0.76,9.119186407719209,1,2001,2001,1
CNc1ncc2ncnc(Nc3cccc(Br)c3)c2n1,0.76,9.119186407719209,1,1997,1997,1
Brc1cccc(Nc2ncnc3cnc(NCCc4cnc[nH]4)cc23)c1,0.78,9.10790539730952,1,1998,1998,1
Nc1ccc2ncncc2c1,0.79,9.102372908709558,1,1996,1996,1
Nc1ccc2ncnc(Nc3cccc(Br)c3)c2c1,0.79,9.102372908709558,3,1995,2008,1
Cn1ccc2cc3c(Nc4cccc(Br)c4)ncnc3cc21,0.8,9.096910013008056,1,1997,1997,1
Brc1cccc(Nc2ncnc3cnc(NCCN4CCOCC4)nc23)c1,0.81,9.09151498112135,1,1997,1997,1
O=C(/C=C/C(=O)Nc1cc2c(Nc3cccc(Br)c3)ncnc2cn1)NCCCN1CCOCC1,0.81,9.09151498112135,1,2001,2001,1
Brc1cccc(Nc2ncnc3cc(NCCc4cnc[nH]4)ncc23)c1,0.91,9.040958607678906,1,1997,1997,1
C=CC(=O)Nc1cc2c(Nc3cccc(Br)c3)ncnc2cn1,0.91,9.040958607678906,1,2001,2001,1
OCC(O)CNc1cc2ncnc(Nc3cccc(Br)c3)c2cn1,0.92,9.036212172654444,1,1997,1997,1
OCCN(CCO)CCNc1cc2c(Nc3cccc(Br)c3)ncnc2cn1,0.93,9.031517051446064,1,1998,1998,1
CN(C)c1ncc2ncnc(Nc3cccc(Br)c3)c2n1,0.95,9.022276394711152,1,1997,1997,1
COc1cc2ncnc(Nc3ccc(Br)cc3)c2cc1OC,0.96,9.017728766960431,1,1996,1996,1
Nc1cc2sc3c(Nc4cccc(Br)c4)ncnc3c2cc1F,1.0,9.0,1,1999,1999,1
Cc1cccc(Nc2cc(NCCO)ncn2)c1,1.0,9.0,1,1999,1999,1
Oc1cccc(Nc2[nH]nc3ncnc(Nc4cccc(Cl)c4)c23)c1,1.0,9.0,1,1997,1997,1
Brc1cccc(Nc2ncnc3cnc(NCCCN4CCOCC4)cc23)c1,1.0,9.0,1,1998,1998,1
CN(C)CCNc1cc2c(Nc3cccc(Br)c3)ncnc2cn1,1.1,8.958607314841775,1,1998,1998,1
Cc1cc(C(=O)NCCN2CCOCC2)[nH]c1/C=C1\C(=O)Nc2ncnc(Nc3ccc4c(ccn4Cc4ccccc4)c3)c21,1.1,8.958607314841775,1,2002,2002,1
CNc1ccc2sc3c(Nc4cccc(Br)c4)ncnc3c2c1,1.1,8.958607314841775,1,1999,1999,1
CNc1cc2c(Nc3cccc(C(F)(F)F)c3)ncnc2cn1,1.1,8.958607314841775,1,1998,1998,1
CN(C)CCCNC(=O)/C=C/C(=O)Nc1cc2c(Nc3cccc(Br)c3)ncnc2cn1,1.1,8.958607314841775,1,2001,2001,1
C=C/C=C/C(=O)Nc1cc2c(Nc3cccc(Br)c3)ncnc2cn1,1.1,8.958607314841775,1,2001,2001,1
C=CC(=O)Nc1ccc2ncnc(Nc3cccc(Br)c3)c2c1,1.2,8.920818753952375,3,2001,2008,1
CN(C)CCCNc1cc2c(Nc3cccc(Br)c3)ncnc2cn1,1.2,8.920818753952375,1,1998,1998,1
COc1ccc2[nH]c3ncnc(Nc4cccc(Br)c4)c3c2c1,1.2,8.920818753952375,1,1999,1999,1
Brc1cccc(Nc2ncnc3cnc(NCCc4ccccn4)cc23)c1,1.2,8.920818753952375,1,1998,1998,1
CCN(CC)CCNC(=O)c1cc(C)c(/C=C2\C(=O)Nc3ncnc(Nc4ccc(F)c(Cl)c4)c32)[nH]1,1.2,8.920818753952375,1,2002,2002,1
CC(=O)C=CC(=O)Nc1ccc2ncnc(Nc3cccc(Br)c3)c2c1,1.2,8.920818753952375,1,2001,2001,1
OCCN(CCO)CCCNc1cc2ncnc(Nc3cccc(Br)c3)c2cn1,1.2,8.920818753952375,1,1997,1997,1
Brc1cccc(Nc2ncnc3ccc4cc[nH]c4c23)c1,1.24,8.906578314837764,2,1996,1999,1
Cc1cccc(Nc2ncnc3cnc(NCCc4cnc[nH]4)cc23)c1,1.3,8.886056647693163,1,1998,1998,1
CN(C)CCn1cnc2cc3ncnc(Nc4cccc(Br)c4)c3cc21,1.32,8.87942606879415,1,1996,1996,1
CNc1cc2ncnc(Nc3cccc(C)c3)c2cn1,1.4,8.853871964321762,1,1997,1997,1
C=CS(=O)(=O)Nc1ccc2ncnc(Nc3cccc(Br)c3)c2c1,1.4,8.853871964321762,1,2001,2001,1
O=S(=O)(O)CCNc1cc2ncnc(Nc3cccc(Br)c3)c2cn1,1.4,8.853871964321762,1,1997,1997,1
CN(C)CCCNC(=O)/C=C/C(=O)N(C)c1cc2c(Nc3cccc(Br)c3)ncnc2cn1,1.45,8.838631997765026,1,2001,2001,1
Nc1ncc2ncnc(Nc3cccc(Br)c3)c2n1,1.5,8.823908740944319,1,1997,1997,1
O=C(O)CNc1cc2ncnc(Nc3cccc(Br)c3)c2cn1,1.5,8.823908740944319,1,1997,1997,1
C=CC(=O)Nc1cc2c(Nc3ccc(F)c(Cl)c3)ncnc2cc1OCCCN1CCOCC1,1.5,8.823908740944319,1,2001,2001,1
Brc1cccc(Nc2ncnc3cnc(NCc4cccnc4)cc23)c1,1.5,8.823908740944319,1,1998,1998,1
Cc1cccc(Nc2ncnc3cnc(NCCN4CCOCC4)cc23)c1,1.5,8.823908740944319,1,1998,1998,1
CCOC(=O)/C=C/C(=O)Nc1cc2c(Nc3cccc(Br)c3)ncnc2cn1,1.5,8.823908740944319,1,2001,2001,1
OCC(O)Cn1ccc2cc3c(Nc4cccc(Br)c4)ncnc3cc21,1.6,8.795880017344075,1,1997,1997,1
C=C(C)C(=O)Nc1cc2c(Nc3cccc(Br)c3)ncnc2cn1,1.6,8.795880017344075,1,2001,2001,1
C=C=CC(=O)Nc1ccc2ncnc(Nc3cccc(Br)c3)c2c1,1.6,8.795880017344075,1,2001,2001,1
Brc1cccc(Nc2ncnc3cnc(NCCCn4ccnc4)cc23)c1,1.7,8.769551078621726,1,1998,1998,1
CN(CCO)CCNc1cc2c(Nc3cccc(Br)c3)ncnc2cn1,1.7,8.769551078621726,1,1998,1998,1
Brc1cccc(Nc2ncnc3cc4nccnc4cc23)c1,1.7,8.769551078621726,1,1996,1996,1
O=C(/C=C/C(F)(F)F)Nc1ccc2ncnc(Nc3cccc(Br)c3)c2c1,1.75,8.756961951313706,1,2001,2001,1
CN(C)CCCCNc1cc2c(Nc3cccc(Br)c3)ncnc2cn1,1.8,8.744727494896694,1,1998,1998,1
Cc1cccc(Nc2ncnc3cnc(NCCCN4CCOCC4)cc23)c1,1.8,8.744727494896694,1,1998,1998,1
Cc1cc(C(=O)N2CCOCC2)[nH]c1/C=C1\C(=O)Nc2ncnc(Nc3ccc4c(cnn4Cc4ccccc4)c3)c21,1.8,8.744727494896694,1,2002,2002,1
Brc1cccc(Nc2ncnc3c2sc2ccccc23)c1,1.8,8.744727494896694,1,1999,1999,1
C#Cc1cccc(Nc2ncnc3cc(OCCOC)c(OCCOC)cc23)c1,2.3,8.721848749616356,4,2004,2011,1
Brc1cccc(Nc2ncnc3cc(NCCCN4CCOCC4)ncc23)c1,1.9,8.721246399047171,1,1997,1997,1
O=C(C#CCO)Nc1ccc2ncnc(Nc3cccc(Br)c3)c2c1,2.0,8.698970004336019,1,2001,2001,1
Nc1ccc2c(Nc3cccc(F)c3)ncnc2c1,2.0,8.698970004336019,1,1996,1996,1
Nc1ccc(-c2[nH]nc3ncnc(Nc4cccc(Cl)c4)c23)cc1,2.0,8.698970004336019,1,1997,1997,1
Cc1cccc(Nc2ncnc3c2sc2ccc(N)cc23)c1,2.1,8.67778070526608,1,1999,1999,1
Brc1cccc(Nc2ncnc3cnc(NCCCn4ccnc4)nc23)c1,2.3,8.638272163982407,1,1997,1997,1
Cc1cccc(Nc2ncnc3cnc(NCCN4CCOCC4)nc23)c1,2.3,8.638272163982407,1,1997,1997,1
COc1ccc(CNc2cc3c(Nc4cccc(Br)c4)ncnc3cn2)cc1,2.3,8.638272163982407,1,1996,1996,1
CN(C)CCCOC(=O)/C=C/C(=O)Nc1ccc2ncnc(Nc3cccc(Br)c3)c2c1,2.4,8.619788758288394,1,2001,2001,1
COc1cc2c(Nc3cccc(Br)c3)ncnc2cn1,2.6,8.585026652029182,1,1996,1996,1
CN(CCO)c1cc2ncnc(Nc3cccc(Br)c3)c2cn1,2.6,8.585026652029182,1,1997,1997,1
CN(C)Cc1c[nH]c2cc3ncnc(Nc4cccc(Br)c4)c3cc12,2.6,8.585026652029182,1,1997,1997,1
Nc1cccc2c1sc1c(Nc3cccc(Br)c3)ncnc12,2.7,8.568636235841012,1,1999,1999,1
CCOC(=O)/C=C/C(=O)Nc1ccc2ncnc(Nc3cccc(Br)c3)c2c1,2.7,8.568636235841012,1,2001,2001,1
C=CC(=O)N(CCCN1CCOCC1)c1cc2c(Nc3cccc(Br)c3)ncnc2cn1,2.7,8.568636235841012,1,2001,2001,1
Cc1cccc(Nc2ncnc3cnc(N(C)C)cc23)c1,2.8,8.55284196865778,1,1998,1998,1
Cc1cc(C(=O)N2CCN(C)CC2)[nH]c1/C=C1\C(=O)Nc2ncnc(Nc3ccc(F)c(Cl)c3)c21,2.8,8.55284196865778,1,2002,2002,1
Brc1cccc(Nc2ncnc3cnc(NCCCN4CCOCC4)nc23)c1,2.9,8.537602002101044,1,1997,1997,1
Cc1cccc(Nc2ncnc3cnc(NCCc4cnc[nH]4)nc23)c1,3.0,8.522878745280337,1,1997,1997,1
CN(C)CC=CC(=O)Nc1ccc2ncnc(Nc3cccc(Br)c3)c2c1,3.0,8.522878745280337,3,2001,2008,1
COc1ccccc1Cc1nc2ccc(-c3nn([C@H]4CC[C@H](N5CCN(CC6CC6)CC5)CC4)c4ncnc(N)c34)cc2[nH]1,3.0,8.522878745280337,1,2009,2009,1
CNC1=NC=C2C(=Nc3cccc(Br)c3)N(C)C=NC2C1,3.1,8.508638306165727,1,1996,1996,1
CNc1ccc2ncnc(Nc3cccc(Br)c3)c2n1,3.1,8.508638306165727,1,1996,1996,1
CNc1cc2ncn(C)/c(=N\c3cccc(Br)c3)c2cn1,3.1,8.508638306165727,1,1996,1996,1
Cc1cccc(Nc2ncnc3cnc(N)cc23)c1,3.1,8.508638306165727,1,1998,1998,1
CN(CC(O)C(O)C(O)C(O)CO)c1cc2ncnc(Nc3cccc(Br)c3)c2cn1,3.2,8.494850021680094,1,1997,1997,1
CN(CC(O)CO)c1cc2ncnc(Nc3cccc(Br)c3)c2cn1,3.2,8.494850021680094,1,1997,1997,1
Brc1cccc(Nc2ncnc3cc(NCCN4CCOCC4)ncc23)c1,3.2,8.494850021680094,1,1997,1997,1
Nc1ccc2c(Nc3cccc(C(F)(F)F)c3)ncnc2c1,3.3,8.481486060122112,1,1996,1996,1
C=CC(=O)N(CCCN1CCOCC1)c1ccc2ncnc(Nc3cccc(Br)c3)c2c1,3.3,8.481486060122112,1,2001,2001,1
COC(=O)CN(C)Cc1c[nH]c2cc3ncnc(Nc4cccc(Br)c4)c3cc12,3.4,8.468521082957745,1,1997,1997,1
Cc1cccc(Nc2ncnc3cc(NCCCn4ccnc4)ncc23)c1,3.5,8.455931955649724,1,1997,1997,1
OCCN(CCO)Cc1c[nH]c2cc3ncnc(Nc4cccc(Br)c4)c3cc12,3.5,8.455931955649724,1,1997,1997,1
Brc1cccc(Nc2ncnc3cc4c(ccn4CCN4CCOCC4)cc23)c1,3.7,8.431798275933005,1,1997,1997,1
Brc1cccc(Nc2ncnc3cc4c(cnn4CCN4CCOCC4)cc23)c1,3.7,8.431798275933005,1,1997,1997,1
COc1ncc2ncnc(Nc3cccc(Br)c3)c2n1,3.8,8.42021640338319,1,1997,1997,1
COc1cc2ncnc(Nc3cccc(Br)c3)c2cc1N,3.8,8.42021640338319,1,1996,1996,1
CN1CCN(CCCNc2cc3c(Nc4cccc(Br)c4)ncnc3cn2)CC1,3.9,8.4089353929735,1,1998,1998,1
Cc1cccc(Nc2ncnc3cnc(N(C)C)nc23)c1,4.0,8.397940008672037,1,1997,1997,1
CNc1ccc2cncnc2c1,4.0,8.397940008672037,1,1996,1996,1
CNc1ccc2ncnc(Nc3cccc(Br)c3)c2c1,4.0,8.397940008672037,1,1996,1996,1
Brc1cccc(Nc2ncnc3cc4nn[nH]c4cc23)c1,4.1,8.387216143280265,1,1996,1996,1
C=CC(=O)N(CCN(C)C)c1cc2c(Nc3cccc(Br)c3)ncnc2cn1,4.2,8.3767507096021,1,2001,2001,1
COc1ccc2ncnc(Nc3cccc(Br)c3)c2n1,4.3,8.366531544420413,1,1996,1996,1
CNc1ncc2ncnc(Nc3cccc(C)c3)c2n1,4.3,8.366531544420413,1,1997,1997,1
Cc1cc(C(=O)N2CCOCC2)[nH]c1/C=C1\C(=O)Nc2ncnc(Nc3ccc4c(ccn4Cc4ccccc4)c3)c21,4.5,8.346787486224656,1,2002,2002,1
C=CS(=O)c1cc2c(Nc3cccc(Br)c3)ncnc2cn1,4.6,8.337242168318426,1,2001,2001,1
CCN(CC)CC(O)CNc1cc2c(Nc3cccc(Br)c3)ncnc2cn1,4.6,8.337242168318426,1,1998,1998,1
Cc1cc(CCC(=O)O)[nH]c1/C=C1\C(=O)Nc2ncnc(Nc3ccc(F)c(Cl)c3)c21,4.7,8.327902142064282,1,2002,2002,1
Oc1ccc2c(Nc3cccc(Br)c3)ncnc2c1,4.7,8.327902142064282,1,1996,1996,1
OCC(O)C(O)C(O)C(O)CNc1cc2ncnc(Nc3cccc(Br)c3)c2cn1,4.8,8.318758762624412,1,1997,1997,1
Brc1cccc(Nc2ncnc3cc4[nH]cc(CN5CCOCC5)c4cc23)c1,4.8,8.318758762624412,1,1997,1997,1
CN1CCN(CCCNc2cc3ncnc(Nc4cccc(Br)c4)c3cn2)CC1,4.9,8.309803919971486,1,1997,1997,1
Nc1cccc(-c2[nH]nc3ncnc(Nc4cccc(Cl)c4)c23)c1,5.0,8.301029995663981,1,1997,1997,1
Nc1ccc(Nc2[nH]nc3ncnc(Nc4cccc(Cl)c4)c23)cc1,5.0,8.301029995663981,1,1997,1997,1
O=C(O)Cn1ccc2cc3c(Nc4cccc(Br)c4)ncnc3cc21,5.1,8.292429823902063,1,1997,1997,1
Brc1cccc(Nc2ncnc3cc(NCCCCN4CCOCC4)ncc23)c1,5.4,8.267606240177031,1,1997,1997,1
Cc1cccc(Nc2ncnc3cc(NCCCCN(C)C)ncc23)c1,5.4,8.267606240177031,1,1997,1997,1
Cc1cccc(Nc2ncnc3cc(NCCCN4CCN(C)CC4)ncc23)c1,5.6,8.2518119729938,1,1997,1997,1
Cc1cc(C(=O)N2CC(C)NC(C)C2)[nH]c1/C=C1\C(=O)Nc2ncnc(Nc3ccc(F)c(Cl)c3)c21,5.9,8.229147988357855,1,2002,2002,1
CN(C)CC#CC(=O)Nc1ccc2ncnc(Nc3cccc(Br)c3)c2c1,6.0,8.221848749616356,1,2001,2001,1
Oc1ccc(-c2[nH]nc3ncnc(Nc4cccc(Cl)c4)c23)cc1,6.0,8.221848749616356,1,1997,1997,1
CN1CCN(c2cc3c(Nc4cccc(Br)c4)ncnc3cn2)CC1,6.4,8.193820026016112,1,1998,1998,1
Nc1cc2c(Nc3cccc(Br)c3)ncnc2cc1Cl,6.5,8.187086643357144,1,1996,1996,1
Cc1cc(C(=O)NCCN2CCOCC2)[nH]c1/C=C1\C(=O)Nc2ncnc(Nc3ccc(F)c(Cl)c3)c21,6.5,8.187086643357144,1,2002,2002,1
CNc1ccc2ncncc2c1,7.0,8.154901959985743,1,1996,1996,1
CNc1ccc2c(Nc3cccc(Br)c3)ncnc2c1,7.0,8.154901959985743,1,1996,1996,1
Clc1cccc(Nc2ncnc3n[nH]c(NCc4ccccc4)c23)c1,7.0,8.154901959985743,1,1997,1997,1
Fc1cccc(COc2ccc(Nc3ncnc4cc(C#C[C@H]5CCCN5)sc34)cc2Cl)c1,7.0,8.154901959985743,1,2008,2008,1
COc1ccc(CNc2[nH]nc3ncnc(Nc4cccc(Cl)c4)c23)cc1,7.0,8.154901959985743,1,1997,1997,1
NNc1cc2ncnc(Nc3cccc(Br)c3)c2cn1,7.1,8.148741651280925,1,1997,1997,1
Cc1cccc(Nc2ncnc3cc(NCCc4cnc[nH]4)ncc23)c1,7.2,8.142667503568731,1,1997,1997,1
CN(C)CCCCNc1cc2ncnc(Nc3cccc(Br)c3)c2cn1,7.4,8.130768280269024,1,1997,1997,1
CN(C)CCN(C)Cc1c[nH]c2cc3ncnc(Nc4cccc(Br)c4)c3cc12,7.5,8.1249387366083,1,1997,1997,1
Nc1ccc2ncnc(Nc3cccc(Br)c3)c2n1,7.6,8.119186407719209,1,1996,1996,1
CCNc1cc2sc3c(Nc4cccc(Br)c4)ncnc3c2cc1F,7.9,8.102372908709558,1,1999,1999,1
CC#CC(=O)Nc1ccc2ncnc(Nc3cccc(Br)c3)c2c1,8.0,8.096910013008056,1,2001,2001,1
COc1cccc(Nc2[nH]nc3ncnc(Nc4cccc(Cl)c4)c23)c1,8.0,8.096910013008056,1,1997,1997,1
Oc1ccc(Nc2[nH]nc3ncnc(Nc4cccc(Cl)c4)c23)cc1,8.0,8.096910013008056,1,1997,1997,1
CS(=O)(=O)CCNCc1nc(-c2ccc3ncnc(Nc4ccc(OCc5ccccc5)c(Cl)c4)c3c2)cs1,8.0,8.096910013008056,1,2004,2004,1
COc1cccc(CNc2[nH]nc3ncnc(Nc4cccc(Cl)c4)c23)c1,8.0,8.096910013008056,1,1997,1997,1
CN(C)CCN(C)c1cc2c(Nc3cccc(Br)c3)ncnc2cn1,8.1,8.09151498112135,1,1998,1998,1
CN(C)CCCCCNc1cc2ncnc(Nc3cccc(Br)c3)c2cn1,8.4,8.075720713938118,1,1997,1997,1
Brc1cccc(Nc2ncnc3cc4c(ccn4CCCN4CCOCC4)cc23)c1,8.8,8.05551732784983,1,1997,1997,1
CN(C)CCCNc1cc2ncnc(Nc3cccc(Br)c3)c2cn1,8.8,8.05551732784983,1,1997,1997,1
CNc1cc2c(Nc3ccccc3)ncnc2cn1,9.0,8.045757490560675,2,1996,1998,1
COCC#CC(=O)Nc1ccc2ncnc(Nc3cccc(Br)c3)c2c1,9.0,8.045757490560675,1,2001,2001,1
O=C(/C=C/c1ccccc1)Nc1cc2c(Nc3cccc(Br)c3)ncnc2cn1,9.1,8.040958607678906,1,2001,2001,1
OCCN(CCO)CCNc1cc2ncnc(Nc3cccc(Br)c3)c2cn1,9.2,8.036212172654444,1,1997,1997,1
Cc1cccc(Nc2ncnc3cc(NCCCN4CCOCC4)ncc23)c1,9.3,8.031517051446064,1,1997,1997,1
Nc1ccc2sc3c(Nc4ccccc4)ncnc3c2c1,9.4,8.0268721464003,1,1999,1999,1
CN(C)c1ccc2ncnc(Nc3cccc(Br)c3)c2n1,9.6,8.017728766960431,1,1996,1996,1
CS(=O)(=O)CCNCc1nc(-c2ccc3ncnc(Nc4ccc(OCc5cccc(F)c5)c(Cl)c4)c3c2)cs1,10.0,8.0,1,2004,2004,1
COc1ccc2c(Nc3cccc(Br)c3)ncnc2c1,10.0,8.0,2,1995,1996,1
CS(=O)(=O)CCNCc1ccc(-c2ccc3ncnc(Nc4ccc(OCc5cccc(F)c5)c(Cl)c4)c3c2)o1,10.0,8.0,3,2004,2011,1
Nc1cc2ncnc(Nc3cccc(Br)c3)c2cn1,10.0,8.0,3,1995,1997,1
COc1cc2ncnc(NCc3ccccc3)c2cc1OC,10.0,8.0,1,1995,1995,1
COc1ccc2cncnc2c1,10.0,8.0,1,1996,1996,1
O=C(Nc1ccc(F)c(Cl)c1)c1ccc(OCCCN2CCOCC2)cc1O,10.4,7.982966660701219,1,2015,2015,1
CN(C)c1ccc2cncnc2c1,11.0,7.958607314841775,1,1996,1996,1
CN(C)c1ccc2c(Nc3cccc(Br)c3)ncnc2c1,11.0,7.958607314841775,1,1996,1996,1
Brc1cccc(Nc2ncnc3ccsc23)c1,11.0,7.958607314841775,1,1999,1999,1
Cc1cccc(Nc2ncnc3c2sc2ccc([N+](=O)[O-])cc23)c1,11.0,7.958607314841775,1,1999,1999,1
C#Cc1cccc(Nc2ncnc3ccc(OCCCCNCCS(C)(=O)=O)cc23)c1,11.0,7.958607314841775,1,2003,2003,1
C/C=C/C(=O)Nc1ccc2ncnc(Nc3cccc(Br)c3)c2c1,118.275,7.943362653767824,2,2001,2001,1
COC(=O)Nc1ccc2ncnc(Nc3cccc(Br)c3)c2c1,12.0,7.920818753952375,1,1996,1996,1
CCNc1ccc2c(Nc3cccc(Br)c3)ncnc2c1,12.0,7.920818753952375,1,1996,1996,1
OCCN(CCO)c1cc2ncnc(Nc3cccc(Br)c3)c2cn1,12.0,7.920818753952375,1,1997,1997,1
CCN(CC)CC#CC(=O)Nc1ccc2ncnc(Nc3cccc(Br)c3)c2c1,12.0,7.920818753952375,1,2001,2001,1
OCC(O)Cn1ncc2cc3c(Nc4cccc(Br)c4)ncnc3cc21,12.0,7.920818753952375,1,1997,1997,1
COc1cc2ncnc(Nc3ccc(F)c(Cl)c3)c2cc1OCCCN1CCOCC1,12.1,7.91721462968355,3,2004,2015,1
O=[N+]([O-])c1ccc2sc3c(Nc4cccc(Br)c4)ncnc3c2c1,12.3,7.910094888560602,1,1999,1999,1
CCC(=O)Nc1ccc2ncnc(Nc3cccc(Br)c3)c2c1,180.215,7.905114521826563,2,2008,2008,1
COc1cccc2c1sc1c(Nc3cccc(Br)c3)ncnc12,12.6,7.899629454882437,1,1999,1999,1
CCN1CCN(C(=O)c2cc(C)c(/C=C3\C(=O)Nc4ncnc(Nc5ccc(F)c(Cl)c5)c43)[nH]2)CC1,13.0,7.886056647693163,1,2002,2002,1
CNc1ncc2ncnc(Nc3ccccc3)c2n1,13.0,7.886056647693163,1,1997,1997,1
Fc1cc2ncnc(Nc3cccc(Br)c3)c2cn1,13.0,7.886056647693163,1,1996,1996,1
OCC(CO)Nc1cc2ncnc(Nc3cccc(Br)c3)c2cn1,14.0,7.853871964321762,1,1997,1997,1
CN(C/C=C/C(=O)Nc1ccc2ncnc(Nc3cccc(Br)c3)c2c1)CCO,14.0,7.853871964321762,1,2001,2001,1
Brc1cccc(Nc2ncnc3cc4c(cc23)OCO4)c1,15.0,7.823908740944319,1,1996,1996,1
COc1cc2ncnc(Nc3cccc(Br)c3)c2cc1[N+](=O)[O-],15.0,7.823908740944319,1,1996,1996,1
Nc1cc2ncnc(Nc3cccc(C(F)(F)F)c3)c2cn1,15.0,7.823908740944319,1,1995,1995,1
O=C(Nc1ccc(F)c(Cl)c1)c1ccc(OCCCN2CCCCC2)cc1O,15.4,7.8124792791635365,1,2015,2015,1
CN(CC(=O)O)c1cc2ncnc(Nc3cccc(Br)c3)c2cn1,16.0,7.795880017344075,1,1997,1997,1
COc1cc2ncnc(Nc3cccc(Cl)c3)c2cc1OC,450.155,7.777197898363201,2,1996,1996,1
Cc1cccc(Nc2ncnc3cnc(N)nc23)c1,17.0,7.769551078621726,1,1997,1997,1
C#Cc1cccc(Nc2ncnc3c2/C(=C/c2[nH]c(C(=O)NCCN4CCOCC4)cc2C)C(=O)N3)c1,18.0,7.7447274948966935,1,2002,2002,1
Clc1ccc2ncnc(Nc3cccc(Br)c3)c2n1,18.0,7.7447274948966935,1,1996,1996,1
COc1cc2ncnc(Nc3cccc(F)c3)c2cc1OC,46.9,7.732986946971932,2,1996,1996,1
Clc1cccc(Nc2ncnc3n[nH]c(-c4ccccc4)c23)c1,19.0,7.721246399047171,1,1997,1997,1
CN(C)c1ccc2sc3c(Nc4cccc(Br)c4)ncnc3c2c1,19.8,7.703334809738469,1,1999,1999,1
CS(=O)(=O)CCNCCCCOc1ccc2ncnc(Nc3ccc(F)c(Cl)c3)c2c1,20.0,7.698970004336019,1,2003,2003,1
COc1cccc2sc3c(Nc4cccc(Br)c4)ncnc3c12,20.0,7.698970004336019,1,1999,1999,1
O=C(C#CCN1CCOCC1)Nc1ccc2ncnc(Nc3cccc(Br)c3)c2c1,20.0,7.698970004336019,1,2001,2001,1
C=C(C)C(=O)Nc1ccc2ncnc(Nc3cccc(Br)c3)c2c1,170.1,7.695309527874646,2,2001,2001,1
CN(C)CCCn1ccc2cc3c(Nc4cccc(Br)c4)ncnc3cc21,21.0,7.6777807052660805,1,1997,1997,1
O=C1Nc2ncnc(Nc3ccc(F)c(Cl)c3)c2/C1=C/c1ccc(C(=O)NCCN2CCOCC2)[nH]1,22.0,7.657577319177793,1,2002,2002,1
CN(C)CCn1cnc2cc3c(Nc4cccc(Br)c4)ncnc3cc21,22.0,7.657577319177793,1,1996,1996,1
Cc1cccc(NC(=O)c2ccc(OCCCN3CCCCC3)cc2O)c1,22.4,7.649751981665837,1,2015,2015,1
CC(C)([O-])CC(=O)NCCn1ccc2ncnc(Nc3ccc(Oc4cccc(C(F)(F)F)c4)c(Cl)c3)c21,23.0,7.638272163982407,1,2011,2011,1
Clc1cccc(Nc2ncnc3ccccc23)c1,23.0,7.638272163982407,4,1995,1999,1
O=C(Nc1ccc([N+](=O)[O-])cc1Cl)c1ccc(OCCCN2CCCCC2)cc1O,23.0,7.638272163982407,1,2015,2015,1
C#Cc1cc2ncnc(Nc3ccc(OCc4cccc(F)c4)c(Cl)c3)c2s1,24.0,7.619788758288394,1,2008,2008,1
CS(=O)(=O)CCNCCCCOc1ccc2ncnc(Nc3ccc4c(cnn4Cc4cccc(F)c4)c3)c2c1,24.0,7.619788758288394,1,2003,2003,1
COc1ccccc1Cc1nc2ccc(-c3nn([C@H]4CC[C@H](N5CCN(C(=O)N(C)C)CC5)CC4)c4ncnc(N)c34)cc2[nH]1,25.0,7.6020599913279625,1,2009,2009,1
O=[N+]([O-])c1cc2c(Nc3cccc(Br)c3)ncnc2cc1Cl,25.0,7.6020599913279625,1,1996,1996,1
Clc1cccc(CNc2[nH]nc3ncnc(Nc4cccc(Cl)c4)c23)c1,26.0,7.585026652029182,1,1997,1997,1
Oc1cccc(-c2[nH]nc3ncnc(Nc4cccc(Cl)c4)c23)c1,26.0,7.585026652029182,1,1997,1997,1
c1ccc2ncncc2c1,27.0,7.568636235841012,1,1996,1996,1
Brc1cccc(Nc2ncnc3ccccc23)c1,27.0,7.568636235841012,2,1995,1996,1
CS(=O)(=O)CCNCCCCOc1ccc2ncnc(Nc3ccc(OCc4cccc(F)c4)c(Cl)c3)c2c1,27.0,7.568636235841012,1,2003,2003,1
CN(C)C(=O)O[C@H]1CN[C@H](C#Cc2cc3ncnc(Nc4ccc(OCc5cccc(F)c5)c(Cl)c4)c3s2)C1,28.0,7.552841968657781,1,2009,2009,1
CC(=O)Nc1cc2ncnc(Nc3cccc(Br)c3)c2cc1[N+](=O)[O-],28.0,7.552841968657781,1,1996,1996,1
Cc1cc(C(=O)O)[nH]c1/C=C1\C(=O)Nc2ncnc(Nc3ccc(F)c(Cl)c3)c21,29.0,7.537602002101044,1,2002,2002,1
Brc1cccc(Nc2ncnc3ccc4[nH]cnc4c23)c1,29.0,7.537602002101044,2,1996,1999,1
CN(C)c1ccc(Nc2[nH]nc3ncnc(Nc4cccc(Cl)c4)c23)cc1,29.0,7.537602002101044,1,1997,1997,1
CC(=O)Nc1cc2ncnc(Nc3cccc(Br)c3)c2cn1,29.0,7.537602002101044,1,1996,1996,1
COc1cc2ncnc(Nc3cccc(I)c3)c2cc1OC,475.445,7.53644319403312,2,1996,1996,1
O=C(O[C@H]1CN[C@H](C#Cc2cc3ncnc(Nc4ccc5c(cnn5Cc5cccc(F)c5)c4)c3s2)C1)N1CCOCC1,30.0,7.522878745280337,1,2009,2009,1
N#Cc1cnc2ccc(NCc3cnc[nH]3)cc2c1Nc1ccc(F)c(Cl)c1,30.0,7.522878745280337,1,2007,2007,1
COc1ccccc1Cc1nc2ccc(-c3nn([C@H]4CC[C@H](N5CCNCC5)CC4)c4ncnc(N)c34)cc2[nH]1,30.0,7.522878745280337,1,2009,2009,1
COc1cccc(Nc2ncc3cc(-c4c(Cl)cccc4Cl)c(=O)n(C)c3n2)c1,30.0,7.522878745280337,1,1998,1998,1
CCOC(=O)N1CCN([C@H]2CC[C@H](n3nc(-c4ccc5nc(Cc6ccccc6OC)[nH]c5c4)c4c(N)ncnc43)CC2)CC1,30.0,7.522878745280337,1,2009,2009,1
COc1ccc2ncncc2c1,30.0,7.522878745280337,1,1996,1996,1
COc1ccc(Nc2[nH]nc3ncnc(Nc4cccc(Cl)c4)c23)cc1,30.0,7.522878745280337,1,1997,1997,1
Brc1cccc(Nc2ncnc3[nH]c4ccccc4c23)c1,31.0,7.508638306165727,1,1999,1999,1
CCNC(=O)O[C@H]1CN[C@@H](C#Cc2cc3ncnc(Nc4ccc(OCc5cccc(F)c5)c(Cl)c4)c3s2)C1,32.0,7.494850021680094,1,2009,2009,1
CCNC(=O)O[C@H]1CN[C@H](C#Cc2cc3ncnc(Nc4ccc(OCc5cccc(F)c5)c(Cl)c4)c3s2)C1,32.0,7.494850021680094,1,2009,2009,1
Clc1cccc(Nc2ncnc3n[nH]c(Nc4cccc(Cl)c4)c23)c1,33.0,7.481486060122112,1,1997,1997,1
O=C(O[C@H]1CN[C@H](C#Cc2cc3ncnc(Nc4ccc5c(cnn5Cc5cc(F)ccc5F)c4)c3s2)C1)N1CCOCC1,33.0,7.481486060122112,1,2009,2009,1
COc1cc2ncnc(Nc3cccc(Br)c3)c2cc1OC,43.0,7.475390988664909,4,1996,2009,1
Brc1cccc(Nc2ncnc3cccnc23)c1,34.0,7.468521082957745,1,1996,1996,1
O=C(Nc1cccc(C(F)(F)F)c1)c1ccc(OCCCN2CCOCC2)cc1O,34.6,7.460923901207224,1,2015,2015,1
CN(C)CCNc1ncc2ncnc(Nc3cccc(Br)c3)c2n1,35.0,7.455931955649724,1,1997,1997,1
Brc1cccc(Nc2ncnc3ccncc23)c1,35.0,7.455931955649724,1,1996,1996,1
Brc1cccc(Nc2ncnc3sccc23)c1,35.0,7.455931955649724,1,1999,1999,1
CS(=O)(=O)CCNCc1nc(-c2ccc3ncnc(Nc4ccc(F)c(Cl)c4)c3c2)cs1,35.0,7.455931955649724,1,2004,2004,1
O=C(Nc1cccc(C(F)(F)F)c1)c1ccc(OCCCN2CCCCC2)cc1O,35.2,7.453457336521869,1,2015,2015,1
O=[N+]([O-])c1cccc(-c2[nH]nc3ncnc(Nc4cccc(Cl)c4)c23)c1,37.0,7.431798275933005,1,1997,1997,1
COc1cc2ncnc(Nc3cccc(Br)c3)c2cn1,39.0,7.4089353929735005,1,1996,1996,1
CN(C)CCN(C)c1cc2ncnc(Nc3cccc(Br)c3)c2cn1,40.0,7.3979400086720375,1,1997,1997,1
Brc1cccc(Nc2ncnc3c2sc2ncsc23)c1,40.0,7.3979400086720375,1,1999,1999,1
O=C(O[C@@H]1CN[C@@H](C#Cc2cc3ncnc(Nc4ccc(OCc5cccc(F)c5)c(Cl)c4)c3s2)C1)N1CCOCC1,40.0,7.3979400086720375,1,2009,2009,1
CN(C)CCn1ncc2cc3c(Nc4cccc(Br)c4)ncnc3cc21,40.0,7.3979400086720375,1,1997,1997,1
Nc1cc2ncnc(Nc3cccc([N+](=O)[O-])c3)c2cn1,40.0,7.3979400086720375,1,1995,1995,1
CS(=O)(=O)CCNC(=O)O[C@H]1CN[C@H](C#Cc2cc3ncnc(Nc4ccc(OCc5cccc(F)c5)c(Cl)c4)c3s2)C1,40.0,7.3979400086720375,1,2009,2009,1
CC(=O)Nc1ccc2c(Nc3cccc(Br)c3)ncnc2c1,40.0,7.3979400086720375,1,1996,1996,1
Cc1cccc(Nc2ncnc3cc(N)ncc23)c1,40.0,7.3979400086720375,1,1995,1995,1
NC(=O)O[C@H]1CN[C@H](C#Cc2cc3ncnc(Nc4ccc(OCc5cccc(F)c5)c(Cl)c4)c3s2)C1,40.0,7.3979400086720375,1,2009,2009,1
CN(C)C(=O)O[C@@H]1CN[C@@H](C#Cc2cc3ncnc(Nc4ccc(OCc5cccc(F)c5)c(Cl)c4)c3s2)C1,40.0,7.3979400086720375,1,2009,2009,1
Clc1cc2c(Nc3cccc(Br)c3)ncnc2cn1,40.0,7.3979400086720375,1,1996,1996,1
Cc1cc(C)c(/C=C2\C(=O)Nc3ncnc(Nc4ccc(F)c(Cl)c4)c32)[nH]1,41.0,7.3872161432802645,1,2002,2002,1
CN(C)CCn1ccc2cc3c(Nc4cccc(Br)c4)ncnc3cc21,41.0,7.3872161432802645,1,1997,1997,1
Fc1ccc2ncnc(Nc3cccc(Br)c3)c2n1,44.0,7.356547323513812,1,1996,1996,1
Brc1cccc(Nc2ncnc3cc4ncsc4cc23)c1,44.0,7.356547323513812,1,1996,1996,1
CCN(CC)CCOc1ccc(Nc2ncc3cc(-c4c(Cl)cccc4Cl)c(=O)n(C)c3n2)cc1,44.0,7.356547323513812,1,1998,1998,1
CN(C)CCNc1cc2ncnc(Nc3cccc(Br)c3)c2cn1,45.0,7.346787486224656,1,1997,1997,1
O=C(Nc1cccc(Br)c1)c1ccc(OCCCN2CCCCC2)cc1O,45.7,7.34008379993015,1,2015,2015,1
Nc1ccc2sc3c(Nc4cccc(C(F)(F)F)c4)ncnc3c2c1,47.0,7.327902142064282,1,1999,1999,1
Nc1cnc(C#Cc2cc3ncnc(Nc4ccc(OCc5cccc(F)c5)c(Cl)c4)c3s2)cn1,47.0,7.327902142064282,1,2008,2008,1
O=[N+]([O-])c1ccc2c(c1)sc1c(Nc3cccc(Br)c3)ncnc12,48.0,7.318758762624412,1,1999,1999,1
CCNC(=O)O[C@@H]1CN[C@@H](C#Cc2cc3ncnc(Nc4ccc(OCc5cccc(F)c5)c(Cl)c4)c3s2)C1,50.0,7.301029995663981,1,2009,2009,1
CCN(C)C(=O)O[C@H]1CN[C@H](C#Cc2cc3ncnc(Nc4ccc(OCc5cccc(F)c5)c(Cl)c4)c3s2)C1,50.0,7.301029995663981,1,2009,2009,1
O=C(O[C@H]1CN[C@H](C#Cc2cc3ncnc(Nc4ccc(OCc5ccccn5)c(Cl)c4)c3s2)C1)N1CCOCC1,50.0,7.301029995663981,1,2009,2009,1
CNC(=O)O[C@H]1CN[C@H](C#Cc2cc3ncnc(Nc4ccc(OCc5cccc(F)c5)c(Cl)c4)c3s2)C1,50.0,7.301029995663981,1,2009,2009,1
O=C(O[C@H]1CN[C@@H](C#Cc2cc3ncnc(Nc4ccc(OCc5cccc(F)c5)c(Cl)c4)c3s2)C1)N1CCOCC1,50.0,7.301029995663981,1,2009,2009,1
Brc1cccc(Nc2ncnc3cnccc23)c1,51.0,7.292429823902063,1,1996,1996,1
CNc1ccc2c(Nc3cccc(Br)c3)ncnc2n1,52.0,7.2839966563652006,1,1996,1996,1
Nc1cc2ncnc(Nc3cccc(Br)c3)c2cc1[N+](=O)[O-],53.0,7.275724130399211,1,1996,1996,1
O=C(O)Cn1ncc2cc3c(Nc4cccc(Br)c4)ncnc3cc21,53.0,7.275724130399211,1,1997,1997,1
COc1ccc2ncnc(Nc3ccccc3)c2c1,55.0,7.259637310505756,1,1996,1996,1
Fc1cccc(Nc2ncnc3ccccc23)c1,56.0,7.251811972993799,1,1996,1996,1
COc1cc2ncnc(NCc3ccccc3)c2cc1O,56.0,7.251811972993799,1,1995,1995,1
O=C(C#CCN1CCCCC1)Nc1ccc2ncnc(Nc3cccc(Br)c3)c2c1,57.0,7.2441251443275085,1,2001,2001,1
COCCCN1CCN([C@H]2CC[C@H](n3nc(-c4ccc5nc(Cc6ccccc6OC)[nH]c5c4)c4c(N)ncnc43)CC2)CC1,58.0,7.236572006437063,1,2009,2009,1
COc1ccccc1Cc1nc2ccc(-c3nn([C@H]4CC[C@H](N5CCOCC5)CC4)c4ncnc(N)c34)cc2[nH]1,58.0,7.236572006437063,1,2009,2009,1
O=[N+]([O-])c1ccc2sc3c(Nc4ccccc4)ncnc3c2c1,58.0,7.236572006437063,1,1999,1999,1
COc1ccc2c(NCc3ccccc3)ncnc2c1,58.0,7.236572006437063,1,1995,1995,1
c1ccc(Nc2ncnc3n[nH]c(Nc4ccccc4)c23)cc1,58.0,7.236572006437063,1,1997,1997,1
COCOCC#CC(=O)Nc1ccc2ncnc(Nc3cccc(Br)c3)c2c1,59.0,7.229147988357855,1,2001,2001,1
COCCN(C)C/C=C/C(=O)Nc1ccc2ncnc(Nc3cccc(Br)c3)c2c1,62.0,7.207608310501746,1,2001,2001,1
CCCN(CC#CC(=O)Nc1ccc2ncnc(Nc3cccc(Br)c3)c2c1)CCC,62.0,7.207608310501746,1,2001,2001,1
CCN(CC)C(=O)O[C@H]1CN[C@H](C#Cc2cc3ncnc(Nc4ccc(OCc5cccc(F)c5)c(Cl)c4)c3s2)C1,63.0,7.200659450546418,1,2009,2009,1
O=C(O[C@H]1CN[C@H](C#Cc2cc3ncnc(Nc4ccc(OCc5cccc(F)c5)c(Cl)c4)c3s2)C1)N1CCNCC1,63.0,7.200659450546418,1,2009,2009,1
O=C(Nc1cccc(Cl)c1)c1ccc(OCCCN2CCCCC2)cc1O,63.9,7.1944991418416,1,2015,2015,1
C[C@H](N)C#Cc1cc2ncnc(Nc3ccc(OCc4cccc(F)c4)c(Cl)c3)c2s1,64.0,7.1938200260161125,1,2008,2008,1
CCN1CCN(CC#CC(=O)Nc2ccc3ncnc(Nc4cccc(Br)c4)c3c2)CC1,65.0,7.187086643357144,1,2001,2001,1
Nc1ncnc2c1c(-c1ccc3nc(Cc4ccccc4Cl)[nH]c3c1)nn2[C@H]1CC[C@H](N2CCOCC2)CC1,65.0,7.187086643357144,1,2009,2009,1
COC[C@@H]1CCCN1CC#CC(=O)Nc1ccc2ncnc(Nc3cccc(Br)c3)c2c1,65.0,7.187086643357144,1,2001,2001,1
COCCOCC#CC(=O)Nc1ccc2ncnc(Nc3cccc(Br)c3)c2c1,65.0,7.187086643357144,1,2001,2001,1
COc1ccc2ncnc(Nc3ccc(OCc4ccccc4)cc3)c2c1,68.0,7.167491087293763,1,2003,2003,1
O=C(/C=C/CN1CCC(N2CCCCC2)CC1)Nc1ccc2ncnc(Nc3cccc(Br)c3)c2c1,68.0,7.167491087293763,1,2001,2001,1
CNc1cc2ncnc(Nc3cccc(Br)c3)c2cc1[N+](=O)[O-],68.0,7.167491087293763,1,1996,1996,1
C[C@H](N)C#Cc1cc2c(Nc3ccc(OCc4cccc(F)c4)c(Cl)c3)ncnc2s1,69.0,7.161150909262744,1,2008,2008,1
Nc1cc2ncnc(Nc3cccc(O)c3)c2cn1,70.0,7.154901959985743,1,1995,1995,1
C=CCN(C)CC#CC(=O)Nc1ccc2ncnc(Nc3cccc(Br)c3)c2c1,71.0,7.1487416512809245,1,2001,2001,1
C#Cc1cc2c(Nc3ccc(OCc4cccc(F)c4)c(Cl)c3)ncnc2s1,71.0,7.1487416512809245,1,2008,2008,1
CS(=O)(=O)CCNCc1nc(-c2ccc3ncnc(Nc4ccc5c(cnn5Cc5ccccc5)c4)c3c2)cs1,71.0,7.1487416512809245,1,2004,2004,1
Brc1cccc(Nc2ncnc3c2[nH]c2ccccc23)c1,72.0,7.142667503568731,1,1999,1999,1
O=C(O[C@H]1CN[C@H](C#Cc2cc3ncnc(Nc4ccc(OCc5cccc(F)c5)c(Cl)c4)c3s2)C1)N1CCOCC1,72.5,7.1419983281826,2,2009,2009,1
CCN(CC)C/C=C/C(=O)Nc1ccc2ncnc(Nc3cccc(Br)c3)c2c1,73.0,7.136677139879544,1,2001,2001,1
CS(=O)(=O)CCNCCCCOc1ccc2ncnc(Nc3ccc(OCc4ccccc4)cc3)c2c1,74.0,7.130768280269024,1,2003,2003,1
O=C(NCCCCOc1ccc2ncnc(Nc3ccc(OCc4ccccc4)cc3)c2c1)C(F)(F)F,74.0,7.130768280269024,1,2003,2003,1
O=C(/C=C/CN1CCOCC1)Nc1ccc2ncnc(Nc3cccc(Br)c3)c2c1,74.0,7.130768280269024,1,2001,2001,1
COc1cc2c(Nc3ccc(Cl)cc3F)ncnc2cc1OCCCN1CCN(C)CC1,75.0,7.1249387366083,1,2002,2002,1
CN(C)C(=O)O[C@H]1CN[C@@H](C#Cc2cc3ncnc(Nc4ccc(OCc5cccc(F)c5)c(Cl)c4)c3s2)C1,79.0,7.102372908709558,1,2009,2009,1
O=C(O[C@@H]1CN[C@H](C#Cc2cc3ncnc(Nc4ccc(OCc5cccc(F)c5)c(Cl)c4)c3s2)C1)N1CCOCC1,79.0,7.102372908709558,1,2009,2009,1
CN(C)C(=O)O[C@@H]1CN[C@H](C#Cc2cc3ncnc(Nc4ccc(OCc5cccc(F)c5)c(Cl)c4)c3s2)C1,79.0,7.102372908709558,1,2009,2009,1
C=CCOc1ccc2ncnc(Nc3ccc(OCc4ccccc4)cc3)c2c1,79.0,7.102372908709558,1,2003,2003,1
O=C(O[C@H]1CN[C@H](C#Cc2cc3ncnc(Nc4ccc5c(cnn5Cc5ccccc5)c4)c3s2)C1)N1CCOCC1,80.0,7.096910013008056,1,2009,2009,1
Ic1cccc(Nc2ncnc3ccccc23)c1,80.0,7.096910013008056,2,1995,1996,1
Cn1c(=O)c(-c2c(Cl)cccc2Cl)cc2cnc(Nc3ccc(CCCC(=O)O)cc3)nc21,80.0,7.096910013008056,1,1998,1998,1
COc1ccc2c(c1)sc1c(Nc3cccc(Br)c3)ncnc12,80.0,7.096910013008056,1,1999,1999,1
CS(=O)(=O)CCNCc1nc(-c2ccc3ncnc(Nc4ccc(OCc5ccccc5)cc4)c3c2)cs1,82.0,7.086186147616283,1,2004,2004,1
Clc1ncc2ncnc(Nc3cccc(Br)c3)c2n1,82.0,7.086186147616283,1,1997,1997,1
CN(C)c1ccc2ncnc(Nc3cccc(Br)c3)c2c1,84.0,7.075720713938118,1,1996,1996,1
Clc1cccc(Nc2[nH]nc3ncnc(Nc4ccccc4)c23)c1,84.0,7.075720713938118,1,1997,1997,1
O=C(Nc1ccc([N+](=O)[O-])cc1Cl)c1ccc(OCCCN2CCOCC2)cc1O,84.8,7.071604147743287,1,2015,2015,1
COC[C@H]1CCCN1C/C=C/C(=O)Nc1ccc2ncnc(Nc3cccc(Br)c3)c2c1,85.0,7.070581074285707,1,2001,2001,1
CC(C)N(C)CC#CC(=O)Nc1ccc2ncnc(Nc3cccc(Br)c3)c2c1,85.0,7.070581074285707,1,2001,2001,1
O=C(Nc1cccc(Br)c1)c1ccc(OCCCN2CCOCC2)cc1O,85.8,7.066512712151295,1,2015,2015,1
Cn1c(=O)c(-c2c(Cl)cccc2Cl)cc2cnc(Nc3cccc(CO)c3)nc21,86.0,7.065971819088479,2,1998,2000,1
Nc1cc2ncnc(Nc3ccc(Br)cc3)c2cn1,90.0,7.045757490560675,1,1995,1995,1
COc1ccc2c(OCc3nnc4ccc(-c5ccccc5)nn34)ccnc2c1,90.0,7.045757490560675,1,2017,2017,1
CCCN(C/C=C/C(=O)Nc1ccc2ncnc(Nc3cccc(Br)c3)c2c1)CCC,90.0,7.045757490560675,1,2001,2001,1
COc1cc2c(Nc3ccc(Cl)cc3F)ncnc2cc1OC/C=C/CN1CCCC1,90.0,7.045757490560675,1,2002,2002,1
O=C(O[C@H]1CN[C@H](C#Cc2cc3ncnc(Nc4ccc5c(ccn5Cc5ccccc5)c4)c3s2)C1)N1CCOCC1,90.0,7.045757490560675,1,2009,2009,1
CS(=O)(=O)CCNCCCCOc1ccc2ncnc(Nc3ccc(S(=O)(=O)c4ccccc4)cc3)c2c1,93.0,7.031517051446065,1,2003,2003,1
O=S(=O)(CCO)c1cc2c(Nc3cccc(Br)c3)ncnc2cn1,93.5,7.029188389127482,1,2001,2001,1
O=C(C#CCN1CCSCC1)Nc1ccc2ncnc(Nc3cccc(Br)c3)c2c1,95.0,7.022276394711152,1,2001,2001,1
COc1ccc(-c2[nH]nc3ncnc(Nc4cccc(Cl)c4)c23)cc1,96.0,7.017728766960431,1,1997,1997,1
CC(C)N(CC#CC(=O)Nc1ccc2ncnc(Nc3cccc(Br)c3)c2c1)C(C)C,97.0,7.013228265733755,1,2001,2001,1
Oc1ccc2ncnc(Nc3ccc(OCc4ccccc4)cc3)c2c1,98.0,7.008773924307505,1,2003,2003,1
O=C(O[C@H]1CN[C@H](C#Cc2cc3ncnc(Nc4ccc(OCc5cccc(F)c5)c(Cl)c4)c3s2)C1)N1CCCC1,99.0,7.00436480540245,1,2009,2009,1
COc1cc2c(Nc3cc(O)c(Cl)cc3F)ncnc2cc1OCC1CCN(C)CC1,100.0,7.0,1,2002,2002,1
COc1cc2c(Nc3ccc(Br)cc3F)ncnc2cc1OC/C=C/CN1CCCC1,100.0,7.0,1,2002,2002,1
COc1cc2c(Nc3ccc(Cl)cc3F)ncnc2cc1OC[C@@H]1CCCN(C)C1,100.0,7.0,1,2002,2002,1
COc1cc2c(Nc3ccc(Cl)cc3F)ncnc2cc1OCCCN1CCCC1,100.0,7.0,1,2002,2002,1
COCCOc1cc2ncnc(Nc3ccc(Cl)cc3F)c2cc1OC,100.0,7.0,1,2002,2002,1
CC(=O)Nc1cc2ncnc(NCc3ccccc3)c2cn1,100.0,7.0,1,1996,1996,1
Nc1ccc2c(Nc3ccccc3)ncnc2c1,100.0,7.0,1,1996,1996,1
COc1cc2c(Nc3ccc(Cl)cc3F)ncnc2cc1OCCCN1CCOCC1,100.0,7.0,1,2002,2002,1
COc1cc2c(Nc3ccc(Br)cc3F)ncnc2cc1OC[C@H]1CCCN(C)C1,100.0,7.0,1,2002,2002,1
COc1cc2c(Nc3ccc(Br)cc3F)ncnc2cc1OCCCN1CCN(C)CC1,100.0,7.0,1,2002,2002,1
COc1ccc2ncnc(Nc3cccc(Br)c3)c2c1,189.0,6.990649750666878,2,1995,1996,1
CS(=O)(=O)CCNCCCOc1ccc2ncnc(Nc3ccc(OCc4ccccc4)cc3)c2c1,104.0,6.982966660701219,1,2003,2003,1
Nc1cccc2c(Nc3cccc(Br)c3)ncnc12,105.0,6.978810700930062,1,1995,1995,1
CCCCOc1cc2ncnc(Nc3cccc(Br)c3)c2cc1OCCCC,105.0,6.978810700930062,1,1996,1996,1
O=C(/C=C/CN1CCCCC1)Nc1ccc2ncnc(Nc3cccc(Br)c3)c2c1,106.0,6.97469413473523,1,2001,2001,1
C=C(CN1CCOCC1)C(=O)Nc1ccc2ncnc(Nc3cccc(Br)c3)c2c1,107.0,6.97061622231479,1,2001,2001,1
Fc1cccc(COc2ccc(Nc3ncnc4sc(C#C[C@H]5CCCN5)cc34)cc2Cl)c1,109.0,6.962573502059376,1,2008,2008,1
COc1cc2ncnc(Nc3cc(Br)cc(Br)c3)c2cc1OC,113.0,6.94692155651658,1,1996,1996,1
CN1CCC=C(C(=O)Nc2ccc3ncnc(Nc4cccc(Br)c4)c3c2)C1,115.0,6.939302159646388,1,2001,2001,1
Cc1nc(Nc2cccc(Br)c2)c2cc(NCCN3CCOCC3)ncc2n1,117.0,6.931814138253838,1,1998,1998,1
Nc1cc2ncnc(Nc3cccc(Cl)c3)c2cn1,120.0,6.920818753952375,1,1995,1995,1
CN(CCN(CCN1CCOCC1)CCN(C)/N=N/c1ccc2ncnc(Nc3cccc(Br)c3)c2c1)/N=N/c1ccc2ncnc(Nc3cccc(Br)c3)c2c1,120.0,6.920818753952375,1,2008,2008,1
CC(c1cccc(F)c1)n1ncc2cc(Nc3ncnc4cc(C#C[C@@H]5C[C@@H](OC(=O)N6CCOCC6)CN5)sc34)ccc21,120.0,6.920818753952375,1,2009,2009,1
O=C(O[C@H]1CN[C@H](C#Cc2cc3ncnc(Nc4ccc(OCc5cscn5)c(Cl)c4)c3s2)C1)N1CCOCC1,120.0,6.920818753952375,1,2009,2009,1
CN(C)c1ccc2ncncc2c1,120.0,6.920818753952375,1,1996,1996,1
COc1ccc2c(Nc3ccccc3)ncnc2c1,120.0,6.920818753952375,1,1996,1996,1
COc1cc2nccc(Oc3ccc(NC(=O)Nc4cc(C)on4)c(Cl)c3)c2cc1OC,123.64,6.907841003608732,1,2015,2015,1
Fc1cc2c(Nc3cccc(Br)c3)ncnc2cn1,124.0,6.906578314837764,1,1996,1996,1
N#CC(=Cc1ccc(O)cc1)C(=N)C(C#N)C#N,125.0,6.903089986991944,1,1989,1989,1
CCNC(=O)O[C@@H]1CN[C@H](C#Cc2cc3ncnc(Nc4ccc(OCc5cccc(F)c5)c(Cl)c4)c3s2)C1,125.0,6.903089986991944,1,2009,2009,1
COc1cc2ncnc(Nc3ccccc3Br)c2cc1OC,128.0,6.892790030352131,1,1996,1996,1
COc1cccc(Nc2ncnc3cc(N)ncc23)c1,130.0,6.886056647693163,1,1995,1995,1
COc1ccccc1Cc1nc2ccc(-c3nn([C@H]4CC[C@H](N5CCN(C(C)=O)CC5)CC4)c4ncnc(N)c34)cc2[nH]1,130.0,6.886056647693163,1,2009,2009,1
Cc1cccc(Nc2ncnc3n[nH]c(Nc4cccc(Cl)c4)c23)c1,130.0,6.886056647693163,1,1997,1997,1
Clc1cccc(Nc2[nH]nc3ncnc(Nc4cccc(Br)c4)c23)c1,130.0,6.886056647693163,1,1997,1997,1
COC[C@@H]1CCCN1C/C=C/C(=O)Nc1ccc2ncnc(Nc3cccc(Br)c3)c2c1,131.0,6.882728704344236,1,2001,2001,1
Cn1c2ccccc2c2ncnc(Nc3cccc(Br)c3)c21,132.0,6.8794260687941495,1,1999,1999,1
COc1cccc2ncnc(Nc3cccc(Br)c3)c12,139.0,6.856985199745905,1,1995,1995,1
Cc1cccc(NC(=O)c2ccc(OCCCN3CCOCC3)cc2O)c1,142.1,6.8474059220725305,1,2015,2015,1
Nc1nc(Nc2cccc(Br)c2)c2c(n1)[nH]c1ccccc12,147.0,6.8326826652518236,1,1999,1999,1
Cn1c(=O)c(-c2c(Cl)cccc2Cl)cc2cnc(Nc3cccc(O)c3)nc21,150.0,6.823908740944319,1,1998,1998,1
CN(CCN(CCN1CCOCC1)CCN(C)/N=N/c1ccc2ncnc(Nc3cccc(Cl)c3)c2c1)/N=N/c1ccc2ncnc(Nc3cccc(Cl)c3)c2c1,150.0,6.823908740944319,1,2008,2008,1
O=C(O[C@H]1CN[C@H](C#Cc2cc3ncnc(Nc4ccc5c(ccn5S(=O)(=O)c5cccs5)c4)c3s2)C1)N1CCOCC1,150.0,6.823908740944319,1,2009,2009,1
COc1cc2ncnc(N(C)c3cccc(Br)c3)c2cc1OC,152.0,6.818156412055227,1,1996,1996,1
CC(=O)c1cc(NCc2cnc[nH]2)cc2c(Nc3ccc(F)c(Cl)c3)c(C#N)cnc12,156.0,6.806875401645538,1,2007,2007,1
O=[N+]([O-])c1cccc2c1sc1c(Nc3cccc(Br)c3)ncnc12,158.0,6.801342913045577,1,1999,1999,1
CN(C)c1cc2ncnc(Nc3cccc(Br)c3)c2cc1N,159.0,6.798602875679549,1,1996,1996,1
Nc1ncnc2n[nH]c(Nc3cccc(Cl)c3)c12,160.0,6.795880017344075,1,1997,1997,1
COc1cc2ncc(C#N)c(Nc3ccc(F)c(C(F)(F)F)c3)c2cc1OC,160.0,6.795880017344075,1,2000,2000,1
Cc1cc(C(=O)N2CCOCC2)[nH]c1/C=C1\C(=O)Nc2ncnc(Nc3ccc(F)c(Cl)c3)c21,170.0,6.769551078621726,1,2002,2002,1
Cc1[nH]c(/C=C2\C(=O)Nc3ncnc(Nc4ccc(F)c(Cl)c4)c32)c(C)c1CCC(=O)O,180.0,6.7447274948966935,1,2002,2002,1
O=C(O[C@H]1CN[C@H](C#Cc2cc3ncnc(NCc4cccc(Oc5ccccc5)c4)c3s2)C1)N1CCOCC1,180.0,6.7447274948966935,1,2009,2009,1
COc1cc2ncc(C#N)c(Nc3cccc(Cl)c3)c2cc1OC,180.0,6.7447274948966935,1,2000,2000,1
O=C(O[C@H]1CN[C@H](C#Cc2cc3ncnc(Nc4ccc(Oc5ccccn5)c(Cl)c4)c3s2)C1)N1CCOCC1,190.0,6.721246399047171,1,2009,2009,1
Cn1c(=O)c(-c2c(Cl)cccc2Cl)cc2cnc(Nc3cccc(C(=O)O)c3)nc21,190.0,6.721246399047171,1,1998,1998,1
COc1cc2ncc(C#N)c(Nc3cccc(Br)c3)c2cc1OC,190.0,6.721246399047171,1,2000,2000,1
c1ccc(CNc2ncnc3c2sc2ccccc23)cc1,191.0,6.718966632752272,1,1999,1999,1
COC[C@@H]1CCCN1C/C=C\C(=O)Nc1ccc2ncnc(Nc3cccc(Br)c3)c2c1,194.0,6.7121982700697735,1,2001,2001,1
O=C(Nc1cccc(Cl)c1)c1ccc(OCCCN2CCOCC2)cc1O,195.8,6.708187312532881,1,2015,2015,1
COc1cc2c(Nc3ccc(Br)cc3F)ncnc2cc1OCCC1CCN(C)CC1,200.0,6.698970004336019,1,2002,2002,1
COc1cc2c(Nc3ccc(Br)cc3F)ncnc2cc1OCC1CCNCC1,200.0,6.698970004336019,1,2002,2002,1
Nc1ccc2ncnc(Nc3cccc(Cl)c3)c2c1,200.0,6.698970004336019,1,2008,2008,1
COc1ccc2ncnc(NCc3ccccc3)c2c1,200.0,6.698970004336019,1,1995,1995,1
COc1cc2c(Nc3ccc(Br)cc3F)ncnc2cc1OC[C@@H]1CCCN(C)C1,200.0,6.698970004336019,1,2002,2002,1
COc1cc2c(Nc3ccc(Br)cc3F)ncnc2cc1OCCC1CCNCC1,200.0,6.698970004336019,1,2002,2002,1
CCn1c(=O)c(-c2c(Cl)cccc2Cl)cc2cnc(Nc3ccccc3)nc21,200.0,6.698970004336019,1,1998,1998,1
CCN(CC)CCNC(=O)c1c(C)[nH]c(/C=C2\C(=O)Nc3ncnc(Nc4ccc(F)c(Cl)c4)c32)c1C,200.0,6.698970004336019,1,2002,2002,1
COc1cc2c(Nc3ccc(Cl)cc3F)ncnc2cc1OCCN1CCN(C)CC1,200.0,6.698970004336019,1,2002,2002,1
O=C(/C=C/CN1CCSCC1)Nc1ccc2ncnc(Nc3cccc(Br)c3)c2c1,203.0,6.692503962086787,1,2001,2001,1
CN(C)CCn1cnc2c(Cl)c3c(Nc4cccc(Br)c4)ncnc3cc21,203.0,6.692503962086787,1,1996,1996,1
COc1cccc(N2CCN(CC(O)COc3ncnc4ccccc34)CC2)c1,208.43,6.681039771472459,1,2015,2015,1
Cc1cc(/C=C2\C(=O)Nc3ncnc(Nc4ccc(F)c(Cl)c4)c32)[nH]c1C(=O)N1CCN(C)CC1,210.0,6.6777807052660805,1,2002,2002,1
CN1CCN(CCCCNc2ncc3cc(-c4c(Cl)cccc4Cl)c(=O)n(C)c3n2)CC1,210.0,6.6777807052660805,1,1998,1998,1
O=C(/C=C/N1CCOCC1)Nc1ccc2ncnc(Nc3cccc(Br)c3)c2c1,215.0,6.667561540084394,1,2001,2001,1
Cn1c(=O)c(-c2c(Cl)cccc2Cl)cc2cnc(Nc3ccc(CC(=O)O)cc3)nc21,220.0,6.657577319177793,1,1998,1998,1
Nc1nc(N)c2c(Nc3cccc(Cl)c3)[nH]nc2n1,220.0,6.657577319177793,1,1997,1997,1
COc1ccc(Nc2ncc3cc(-c4c(Cl)cccc4Cl)c(=O)n(C)c3n2)cc1,220.0,6.657577319177793,1,1998,1998,1
O=C(O[C@H]1CN[C@H](C#Cc2cc3ncnc(Nc4ccc5c(cnn5S(=O)(=O)c5cccc(F)c5)c4)c3s2)C1)N1CCOCC1,230.0,6.638272163982407,1,2009,2009,1
Nc1cc2ncnc(NCc3ccccc3N)c2cn1,230.0,6.638272163982407,1,1995,1995,1
COc1cc2ncc(C#N)c(Nc3ccc(C(C)C)cc3)c2cc1OC,230.0,6.638272163982407,1,2000,2000,1
Nc1cc2ncnc(Nc3ccccc3Br)c2cn1,240.0,6.619788758288394,1,1995,1995,1
O=C(O[C@H]1CN[C@H](C#Cc2cc3ncnc(Nc4ccc(Cc5ccccc5)cc4)c3s2)C1)N1CCOCC1,240.0,6.619788758288394,1,2009,2009,1
O=C(O[C@H]1CN[C@H](C#Cc2cc3ncnc(Nc4ccc5c(c4)c(F)cn5Cc4ccccc4)c3s2)C1)N1CCOCC1,240.0,6.619788758288394,1,2009,2009,1
Nc1cc2ncnc(Nc3ccccc3)c2cn1,250.0,6.6020599913279625,1,1995,1995,1
CN(C)/C=C/C(=O)Nc1ccc2ncnc(Nc3cccc(Br)c3)c2c1,250.0,6.6020599913279625,1,2001,2001,1
COc1ccc(Nc2ncc3cc(-c4c(Cl)cccc4Cl)c(=O)n(C)c3n2)cc1C,250.0,6.6020599913279625,1,1998,1998,1
Cc1ccc2ncnc(Nc3cccc(C(N)=O)c3)c2c1,250.0,6.6020599913279625,1,1996,1996,1
Nc1cc2ncnc(Nc3cccc(I)c3)c2cn1,260.0,6.585026652029182,1,1995,1995,1
Cn1c(=O)c(-c2c(Cl)cccc2Cl)cc2cnc(Nc3ccccc3)nc21,260.0,6.585026652029182,1,1998,1998,1
CS(=O)(=O)CCN(CCCCOc1ccc2ncnc(Nc3ccc(OCc4ccccc4)cc3)c2c1)C(=O)C(F)(F)F,263.0,6.580044251510242,1,2003,2003,1
COc1ccc2c(Nc3cccc(Br)c3)ncnc2n1,263.0,6.580044251510242,1,1996,1996,1
c1ccc(Nc2ncnc3[nH]c4ccccc4c23)cc1,264.0,6.578396073130168,1,1999,1999,1
C/C=C\C(=O)Nc1ccc2ncnc(Nc3cccc(Br)c3)c2c1,269.0,6.570247719997592,1,2001,2001,1
CC(C)(C)OC(=O)Nc1ccc(-c2[nH]nc3ncnc(Nc4cccc(Cl)c4)c23)cc1,270.0,6.568636235841012,1,1997,1997,1
Nc1ncnc2c1c(-c1ccc3nc(Cc4ccccc4)[nH]c3c1)nn2[C@H]1CC[C@H](N2CCOCC2)CC1,270.0,6.568636235841012,1,2009,2009,1
Brc1cccc(Nc2ncnc3c2ccc2[nH]cnc23)c1,272.0,6.565431095965801,2,1996,1999,1
COc1ccc(N2CCN(CC(O)COc3ncnc4ccccc34)CC2)cc1,276.12,6.558902135283732,1,2015,2015,1
O=C(O[C@H]1CN[C@H](C#Cc2cc3ncnc(Nc4ccc(Oc5ccnc6ccc(F)cc56)c(Cl)c4)c3s2)C1)N1CCOCC1,280.0,6.552841968657781,1,2009,2009,1
COc1cc2c(Nc3ccc(Cl)cc3F)ncnc2cc1OCC1CCN(C)CC1,300.0,6.522878745280337,1,2002,2002,1
COc1cc2c(Nc3ccc(Cl)cc3F)ncnc2cc1OCCN(C)c1ccncc1,300.0,6.522878745280337,1,2002,2002,1
COc1cc2c(Nc3cc(O)c(C)cc3F)ncnc2cc1OCC1CCN(C)CC1,300.0,6.522878745280337,1,2002,2002,1
COc1cc2c(Nc3c(F)cc(Br)cc3F)ncnc2cc1OCC1CCN(C)CC1,300.0,6.522878745280337,1,2002,2002,1
COc1cc2c(Nc3ccc(Cl)cc3F)ncnc2cc1OCCC1CCN(C)CC1,300.0,6.522878745280337,1,2002,2002,1
COc1cc2c(Nc3ccc(Cl)cc3F)ncnc2cc1OCC1CCNCC1,300.0,6.522878745280337,1,2002,2002,1
OC(COc1ncnc2ccccc12)CN1CCN(c2cccc(C(F)(F)F)c2)CC1,306.91,6.512988960789208,1,2015,2015,1
c1ccc(CNc2ncnc3ccccc23)cc1,320.0,6.494850021680094,1,1995,1995,1
CN(C)c1ccc2c(Nc3cccc(Br)c3)ncnc2n1,324.0,6.489454989793388,1,1996,1996,1
COc1cc(Nc2ncc3cc(-c4c(Cl)cccc4Cl)c(=O)n(C)c3n2)cc(OC)c1,330.0,6.481486060122112,1,1998,1998,1
N#C/C(=C\c1cc(O)c(O)c(Br)c1)C(=O)NCCCNC(=O)/C(C#N)=C/c1cc(O)c(O)c(Br)c1,340.0,6.468521082957745,1,1996,1996,1
OC(COc1ncnc2ccccc12)CN1CCN(c2ccc(Cl)c(Cl)c2)CC1,343.52,6.464047972907826,1,2015,2015,1
c1ccc(Nc2ncnc3ccccc23)cc1,344.0,6.46344155742847,2,1995,1996,1
N#Cc1cnc2cc(O)c(O)cc2c1Nc1cccc(Br)c1,350.0,6.455931955649724,1,2000,2000,1
O=[N+]([O-])c1cccc2ncnc(Nc3cccc(Br)c3)c12,355.0,6.449771646944906,1,1995,1995,1
COc1ccccc1N1CCN(CC(O)COc2ncnc3ccccc23)CC1,356.78,6.447599498839317,1,2015,2015,1
COc1cc2ncc(C#N)c(Nc3ccccc3C(C)C)c2cc1OC,360.0,6.443697499232712,1,2000,2000,1
Nc1ncnc2c1c(-c1ccc3nc(Cc4cccs4)[nH]c3c1)nn2[C@H]1CC[C@H](N2CCOCC2)CC1,361.0,6.442492798094342,1,2009,2009,1
N#C/C(=C\c1ccc(O)c(O)c1)C(=O)c1ccc(O)c(O)c1,370.0,6.431798275933005,1,1991,1991,1
Nc1cnc(C#Cc2cc3c(Nc4ccc(OCc5cccc(F)c5)c(Cl)c4)ncnc3s2)cn1,372.0,6.429457060118103,1,2008,2008,1
N#C/C(=C\c1ccc(O)c(O)c1)S(=O)(=O)/C(C#N)=C/c1ccc(O)c(O)c1,380.0,6.42021640338319,1,1996,1996,1
Cc1cccc(Nc2ncnc3cnc(Cl)nc23)c1,380.0,6.42021640338319,1,1997,1997,1
Cn1c(=O)c(-c2c(Cl)cccc2Cl)cc2cnc(Nc3ccc(F)cc3)nc21,380.0,6.42021640338319,1,2000,2000,1
O=[N+]([O-])c1ccc(N2CCN(CC(O)COc3ncnc4ccccc34)CC2)cc1,381.94,6.418004856238925,1,2015,2015,1
COc1cc2ncnc(Nc3ccccc3)c2cc1OC,2564.5,6.415015913001554,2,1996,1996,1
Cc1cc(Nc2ncc3cc(-c4c(Cl)cccc4Cl)c(=O)n(C)c3n2)ccc1F,390.0,6.4089353929735005,1,2000,2000,1
Cc1ccc(N2CCN(CC(O)COc3ncnc4ccccc34)CC2)c(C)c1,394.82,6.403600855826012,1,2015,2015,1
OC(COc1ncnc2ccccc12)CN1CCN(c2ccccc2)CC1,399.63,6.39834191697906,1,2015,2015,1
COc1cc2c(Nc3ccc(Br)cc3F)ncnc2cc1OCCn1ccnn1,400.0,6.3979400086720375,1,2002,2002,1
N#C/C(=C\c1ccc(O)c(O)c1)C(=O)NCCCNC(=O)/C(C#N)=C/c1ccc(O)c(O)c1,400.0,6.3979400086720375,1,1996,1996,1
C[C@@H](NC(=O)/C(C#N)=C/c1ccc(O)c(O)c1)c1ccccc1,400.0,6.3979400086720375,1,1991,1991,1
Cc1cc(Oc2ccc(Nc3ncnc4cc(C#C[C@@H]5C[C@@H](OC(=O)N6CCOCC6)CN5)sc34)cc2Cl)no1,400.0,6.3979400086720375,1,2009,2009,1
COc1cc2c(Nc3ccc(Cl)cc3F)ncnc2cc1OCCN1CCOCC1,400.0,6.3979400086720375,1,2002,2002,1
OC(COc1ncnc2ccccc12)CN1CCN(c2ccc(F)cc2)CC1,403.12,6.394565654652288,1,2015,2015,1
OC(COc1ncnc2ccccc12)CN1CCN(c2ccccc2F)CC1,408.51,6.388797307817827,1,2015,2015,1
OC(COc1ncnc2ccccc12)CN1CCN(c2cccc(Cl)c2Cl)CC1,409.11,6.388159904779943,1,2015,2015,1
Cc1c(C(=O)N2CCN(C)CC2)c[nH]c1/C=C1\C(=O)Nc2ncnc(Nc3ccc(F)c(Cl)c3)c21,410.0,6.3872161432802645,1,2002,2002,1
OC(COc1ncnc2ccccc12)CN1CCN(c2cccc(Cl)c2)CC1,412.87,6.3841866727266465,1,2015,2015,1
OC(COc1ncnc2ccccc12)CN1CCN(c2ccccc2Cl)CC1,417.61,6.379229110358235,1,2015,2015,1
C[C@@H](Nc1ncnc2c1[nH]c1ccccc12)c1ccccc1,419.0,6.377785977033705,1,1999,1999,1
CCOc1cc2ncc(C#N)c(Nc3cccc(Br)c3)c2cc1OCC,420.0,6.376750709602099,1,2000,2000,1
[O-]CCOCn1ccc2ncnc(Nc3cnc(Oc4cccc(C(F)(F)F)c4)c(Cl)c3)c21,429.0,6.367542707815275,1,2011,2011,1
OC(COc1ncnc2ccccc12)CN1CCN(Cc2ccccc2)CC1,434.79,6.361720453074155,1,2015,2015,1
Nc1cccc2ncnc(Nc3cccc(Br)c3)c12,439.0,6.357535479757878,1,1995,1995,1
Cc1nccn1CC(O)COc1ncnc2ccccc12,443.95,6.352665939675612,1,2015,2015,1
COc1cc2sc3c(Nc4cccc(Br)c4)ncnc3c2cc1OC,444.0,6.35261702988538,1,1999,1999,1
CC(C)(C)NC(=O)Nc1nc2nc(N)ncc2cc1-c1c(Cl)cccc1Cl,450.0,6.346787486224656,1,1997,1997,1
CCN(CC)CCNC(=O)c1cc(C)c(/C=C2\C(=O)Nc3ncnc(Nc4ccc(Cl)cc4F)c32)[nH]1,450.0,6.346787486224656,1,2002,2002,1
COc1cc2c(Nc3c(F)cc(Cl)cc3F)ncnc2cc1OCC1CCN(C)CC1,450.0,6.346787486224656,1,2002,2002,1
COc1cc2c(Nc3c(F)cc(Br)cc3F)ncnc2cc1OCC1CCNCC1,450.0,6.346787486224656,1,2002,2002,1
Cc1cn(CC(O)COc2ncnc3ccccc23)cn1,451.84,6.34501532496431,1,2015,2015,1
CN(C)CC(O)COc1ncnc2ccccc12,454.83,6.342150897535831,1,2015,2015,1
c1ccc(CNc2ncnc3c2[nH]c2ccccc23)cc1,460.0,6.337242168318426,1,1999,1999,1
O=[N+]([O-])c1ccc2sc3c(Nc4cccc(C(F)(F)F)c4)ncnc3c2c1,460.0,6.337242168318426,1,1999,1999,1
CCN1CCN(CC(O)COc2ncnc3ccccc23)CC1,461.54,6.335790654277333,1,2015,2015,1
COc1cc2nc(N)nc(Nc3cccc(Br)c3)c2cc1OC,463.0,6.334419008982047,1,1996,1996,1
OC(COc1ncnc2ccccc12)CN1CCCCC1,473.58,6.324606646810992,1,2015,2015,1
CN1CCN(CC(O)COc2ncnc3ccccc23)CC1,474.32,6.323928562663093,1,2015,2015,1
Cc1ccc(Nc2ncc3cc(-c4c(Cl)cccc4Cl)c(=O)n(C)c3n2)cc1,480.0,6.318758762624412,1,1998,1998,1
OC(COc1ncnc2ccccc12)CN1CCOCC1,482.86,6.316178769954371,1,2015,2015,1
OC(COc1ncnc2ccccc12)Cn1ccnc1,483.26,6.315819150439844,1,2015,2015,1
CCn1c(=O)c(-c2c(Cl)cccc2Cl)cc2cnc(Nc3ccncc3)nc21,490.0,6.309803919971486,1,1998,1998,1
COc1cc2c(Nc3c(F)cc(Cl)cc3F)ncnc2cc1OCC1CCNCC1,500.0,6.301029995663981,1,2002,2002,1
COc1cc2c(Nc3ccc(C)cc3F)ncnc2cc1OCC1CCNCC1,500.0,6.301029995663981,1,2002,2002,1
COc1cc2c(Nc3ccc(Br)cc3F)ncnc2cc1OCC1CCN(C)CC1,500.0,6.301029995663981,1,2002,2002,1
N#CC(=Cc1cc(O)c(O)c(Br)c1)C(=N)C(C#N)C#N,500.0,6.301029995663981,1,1989,1989,1
N#Cc1cnc2c(F)cc(NCc3cnc[nH]3)cc2c1Nc1ccc(F)c(Cl)c1,500.0,6.301029995663981,1,2007,2007,1
N#CC(C#N)=C1[C][C]c2cc([O])c([O])cc21,500.0,6.301029995663981,1,1991,1991,1
N#C/C(=C\c1ccc(O)c(O)c1)C(=O)NCCNC(=O)/C(C#N)=C/c1ccc(O)c(O)c1,500.0,6.301029995663981,1,1996,1996,1
Cn1c(=O)c(-c2c(Cl)cccc2Cl)cc2cnc(Nc3cccnc3)nc21,510.0,6.292429823902063,1,1998,1998,1
C[C@@H](Nc1ncnc2c1sc1ccccc12)c1ccccc1,538.0,6.269217724333611,1,1999,1999,1
O=[N+]([O-])c1ccc2c(Nc3cccc(I)c3)ncnc2c1,540.0,6.267606240177031,1,1996,1996,1
CS(=O)(=O)CCNCc1nc(-c2ccc3ncnc(Nc4ccc(OCc5cccc(C(F)(F)F)c5)cc4)c3c2)cs1,540.0,6.267606240177031,1,2004,2004,1
COc1cc2ncc(C#N)c(Nc3ccc(F)c(Cl)c3)c2cc1OC,540.0,6.267606240177031,1,2000,2000,1
N#C/C(=C\c1ccc(O)c(O)c1)C(=O)c1ccc(F)cc1,560.0,6.251811972993799,1,1991,1991,1
Nc1ccc2ncnc(Nc3cccc(C(F)(F)F)c3)c2c1,574.0,6.241088107602026,1,1996,1996,1
FC(F)(F)c1cccc(Nc2ncnc3ccccc23)c1,577.0,6.238824186844269,2,1995,1996,1
Nc1cc2ncnc(NCc3ccccc3)c2cn1,579.0,6.237322084008267,2,1995,1996,1
COc1cc2c(NCc3ccccc3)ncnc2cc1O,588.0,6.230622673923861,1,1995,1995,1
Cc1ccc2ncnc(Nc3cccc(Cl)c3)c2c1,600.0,6.221848749616356,1,1996,1996,1
N#C/C(=C\c1ccc(O)c(O)c1)C(=O)NCCCCNC(=O)/C(C#N)=C/c1ccc(O)c(O)c1,600.0,6.221848749616356,1,1996,1996,1
N#C/C(=C\c1cc(O)c(O)c(O)c1)C(=O)NCCCCNC(=O)/C(C#N)=C/c1cc(O)c(O)c(O)c1,600.0,6.221848749616356,1,1996,1996,1
c1ccc(CNc2ncnc3cccnc23)cc1,603.0,6.219682687859849,1,1996,1996,1
COc1cc2ncc(C#N)c(Nc3ccc(Br)c(C)c3)c2cc1OC,620.0,6.207608310501746,1,2000,2000,1
O=C(O[C@H]1CN[C@H](C#Cc2cc3ncnc(Nc4ccc(Sc5cccc(F)c5)c(Cl)c4)c3s2)C1)N1CCOCC1,630.0,6.200659450546418,1,2009,2009,1
COc1ccccc1Nc1ncc2cc(-c3c(Cl)cccc3Cl)c(=O)n(C)c2n1,660.0,6.180456064458131,1,1998,1998,1
Cn1c(=O)c(-c2c(Cl)cccc2Cl)cc2cnc(Nc3cccc(Br)c3)nc21,670.0,6.173925197299173,1,1998,1998,1
COc1ccc(Nc2ncnc3cc(N)ncc23)cc1,670.0,6.173925197299173,1,1995,1995,1
O=C(O[C@H]1CN[C@H](C#Cc2cc3ncnc(Nc4ccc5c(ccn5Cc5cscn5)c4)c3s2)C1)N1CCOCC1,680.0,6.167491087293763,1,2009,2009,1
Fc1ccc2c(Nc3cccc(Br)c3)ncnc2n1,684.0,6.164943898279883,1,1996,1996,1
Brc1cccc(Nc2ncnc3ncccc23)c1,688.0,6.162411561764489,1,1996,1996,1
N#C/C(=C\c1ccc(O)c(O)c1)C(=O)NCCCCCNC(=O)/C(C#N)=C/c1ccc(O)c(O)c1,700.0,6.154901959985743,1,1996,1996,1
N#C/C(=C\c1ccc(O)c(O)c1)C(=O)NCCCc1ccccc1,700.0,6.154901959985743,1,1991,1991,1
N#C/C(=C\c1ccc(O)c(O)c1)C(=O)NCCCCCCNC(=O)/C(C#N)=C/c1ccc(O)c(O)c1,700.0,6.154901959985743,1,1996,1996,1
Brc1cccc(Nc2ncnc3c2sc2ncccc23)c1,732.0,6.135488918941608,1,1999,1999,1
Brc1cccc(Nc2ncnc3c2oc2ccccc23)c1,740.0,6.130768280269024,1,1999,1999,1
COc1cc2ncc(C#N)c(Nc3cccc(F)c3)c2cc1OC,740.0,6.130768280269024,1,2000,2000,1
Cn1c2ccccc2c2c(Nc3cccc(Br)c3)ncnc21,742.0,6.1295960947209736,1,1999,1999,1
Brc1cccc(Oc2ncnc3ccccc23)c1,756.0,6.121478204498794,1,1995,1995,1
COc1cc2ncc(C#N)c(Nc3cccc(SC)c3)c2cc1OC,760.0,6.119186407719209,1,2000,2000,1
Nc1ccc2ncnc(Nc3ccccc3)c2c1,770.0,6.113509274827518,1,1996,1996,1
COc1cc2c(Nc3ccc(C#N)cc3F)ncnc2cc1OC/C=C/CN1CCCC1,800.0,6.096910013008056,1,2002,2002,1
Nc1ncnc2c1c(-c1ccccc1)nn2-c1ccccc1,800.0,6.096910013008056,1,1997,1997,1
N#CC(=Cc1cc(O)c(O)c(O)c1)C(=N)C(C#N)C#N,800.0,6.096910013008056,1,1989,1989,1
O=[N+]([O-])c1ccc2c(Nc3cccc(Cl)c3)ncnc2c1,810.0,6.09151498112135,1,1996,1996,1
COc1cc2ncc(C#N)c(Nc3cccc(N)c3)c2cc1OC,820.0,6.086186147616283,1,2000,2000,1
CN(CCCOc1ccc2ncnc(Nc3ccc(OCc4ccccc4)cc3)c2c1)CCS(C)(=O)=O,830.0,6.080921907623926,1,2003,2003,1
Nc1cc2ncnc(Nc3cccc(F)c3)c2cn1,840.0,6.075720713938118,1,1995,1995,1
COc1cc2ncc(C#N)c(Nc3cccc(Br)c3C)c2cc1OC,840.0,6.075720713938118,1,2000,2000,1
COc1cccc(Nc2ncnc3ccccc23)c1,842.0,6.0746879085003505,1,1995,1995,1
COc1cc2ncc(C#N)c(Nc3cccc(N(C)C)c3)c2cc1OC,850.0,6.070581074285707,1,2000,2000,1
N#C/C(=C\c1cc(O)c(O)c(Br)c1)S(=O)(=O)/C(C#N)=C/c1cc(O)c(O)c(Br)c1,850.0,6.070581074285707,1,1996,1996,1
O=C(CCc1c(SSc2[nH]c3ccccc3c2CCC(=O)NCc2ccccc2)[nH]c2ccccc12)NCc1ccccc1,850.0,6.070581074285707,1,1994,1994,1
C[C@H](NC(=O)/C(C#N)=C/c1ccc(O)c(O)c1)c1ccccc1,860.0,6.065501548756432,1,1991,1991,1
COc1cc2ncc(C#N)c(Nc3cccc([N+](=O)[O-])c3)c2cc1OC,870.0,6.060480747381382,1,2000,2000,1
Clc1cccc(Nc2[nH]nc3ncnc(NCc4ccccc4)c23)c1,870.0,6.060480747381382,1,1997,1997,1
Cc1ccc(C(=O)/C(C#N)=C/c2ccc(O)c(O)c2)cc1,880.0,6.055517327849831,1,1991,1991,1
O=[N+]([O-])c1ccc2ncnc(Nc3cccc(Br)c3)c2c1,898.5,6.046482523758291,2,1995,1996,1
CCC1=C(CC(=O)O)c2cc(F)ccc2/C1=C\c1ccoc1,900.0,6.045757490560675,1,2005,2005,1
N[C@H](Cc1c([Se][Se]c2[nH]c3ccccc3c2C[C@@H](N)C(=O)NCc2ccccc2)[nH]c2ccccc12)C(=O)NCc1ccccc1,900.0,6.045757490560675,1,1997,1997,1
Cn1c(=O)c(-c2c(Cl)cccc2Cl)cc2cnc(Nc3ccncc3)nc21,910.0,6.040958607678906,1,1998,1998,1
Cc1cccc(Nc2ncnc3ccccc23)c1,910.0,6.040958607678906,1,1995,1995,1
N#C/C(=C\c1ccc(O)c(O)c1)C(=O)NCCc1ccccc1,930.0,6.031517051446064,1,1991,1991,1
COc1cc(/C=C(\C#N)S(=O)(=O)/C(C#N)=C/c2cc(O)c(O)c(OC)c2)cc(O)c1O,940.0,6.026872146400301,1,1996,1996,1
Nc1ccc2c(Nc3cccc(Br)c3)ncnc2n1,940.0,6.026872146400301,1,1996,1996,1
Cc1cccc(Nc2ncnc3ccc(/N=N/N(C)CCN(CCN4CCOCC4)CCN(C)/N=N/c4ccc5ncnc(Nc6cccc(C)c6)c5c4)cc23)c1,950.0,6.022276394711152,1,2008,2008,1
COc1cccc2c(Nc3cccc(Br)c3)ncnc12,974.0,6.011441043121384,1,1995,1995,1
CCOc1cc2ncc(C#N)c(Nc3ccc(F)c(Cl)c3)c2cc1OCC,980.0,6.008773924307505,1,2000,2000,1
Cc1cccc(Nc2ncnc3ccc(N)cc23)c1,1000.0,6.0,1,2008,2008,1
Nc1cc2ncnc(NCc3cccc(Br)c3)c2cn1,1000.0,6.0,1,1995,1995,1
O=c1c(-c2ccc(O)cc2)coc2cc(O)cc(O)c12,1000.0,6.0,1,1990,1990,1
C=C(C)CN1C(=O)C(=C)SC1=NN=c1scc(O)n1C,1000.0,6.0,1,1990,1990,1
O=[N+]([O-])c1ccc2c(Nc3cccc(Br)c3)ncnc2c1,1000.0,6.0,2,1995,1996,1
CN1C(=S)C(C(=O)Nc2ccccc2)c2ccccc21,1000.0,6.0,1,1994,1994,1
COc1cc2c(Nc3ccc(C)cc3F)ncnc2cc1OCC1CCN(C)CC1,1000.0,6.0,1,2002,2002,1
Cn1c(=O)c(-c2c(Cl)cccc2Cl)cc2cnc(NCCCCCC(=O)O)nc21,1000.0,6.0,1,1998,1998,1
Cc1ccc2ncnc(Nc3cccc(C(=O)O)c3)c2c1,1000.0,6.0,1,1996,1996,1
O=C(O[C@H]1CN[C@H](C#Cc2cc3ncnc(Nc4ccc5c(Oc6ccccn6)cccc5c4)c3s2)C1)N1CCOCC1,1050.0,5.978810700930062,1,2009,2009,1
N#C/C(=C\c1ccc(O)c(O)c1)C(=O)Nc1ccccc1Cl,1100.0,5.958607314841775,1,1991,1991,1
N#C/C(=C\c1ccc(O)c(O)c1)C(=O)NCCCCc1ccccc1,1100.0,5.958607314841775,1,1991,1991,1
COCCOc1cc2ncc(C#N)c(Nc3cccc(Br)c3)c2cc1OCCOC,1100.0,5.958607314841775,1,2000,2000,1
O=C(/C=C/Cn1cccn1)Nc1ccc2ncnc(Nc3cccc(Br)c3)c2c1,1124.0,5.949233688766958,1,2001,2001,1
COC/C=C/C(=O)Nc1ccc2ncnc(Nc3cccc(Br)c3)c2c1,1132.0,5.946153573147747,1,2001,2001,1
COc1cc(C=C(C#N)C(=N)C(C#N)C#N)cc(O)c1O,1200.0,5.920818753952375,1,1989,1989,1
Nc1cc2ncnc(Nc3ccccc3[N+](=O)[O-])c2cn1,1250.0,5.903089986991944,1,1995,1995,1
N[C@@H](Cc1c([Se][Se]c2[nH]c3ccccc3c2C[C@H](N)C(=O)NCc2ccccc2)[nH]c2ccccc12)C(=O)NCc1ccccc1,1300.0,5.886056647693163,1,1997,1997,1
COc1ccc(Nc2ncc3cc(-c4c(Cl)cccc4Cl)c(=O)n(C)c3n2)cn1,1300.0,5.886056647693163,1,1998,1998,1
N#C/C(=C\c1ccc(O)c(O)c1)C(=O)c1ccccc1,1300.0,5.886056647693163,1,1991,1991,1
N#C/C(=C\c1ccc(O)c(O)c1)C(=O)NCCCCCCCCCCNC(=O)/C(C#N)=C/c1ccc(O)c(O)c1,1300.0,5.886056647693163,1,1996,1996,1
OCCCNc1cncc(-c2cncc(Nc3cccc(Cl)c3)n2)c1,1360.0,5.866461091629782,2,2005,2005,1
COc1ccc2ncnc(Nc3cccc(Br)c3)c2c1OC,1367.0,5.864231485432178,1,1996,1996,1
Nc1ccc2ncnc(NCc3ccccc3)c2c1,1400.0,5.853871964321762,1,1995,1995,1
CCN(CC)CCCNc1ncc2cc(-c3c(Cl)cccc3Cl)c(=O)n(C)c2n1,1400.0,5.853871964321762,1,1998,1998,1
Cc1cc(C(=O)N2CCOCC2)[nH]c1/C=C1\C(=O)Nc2ncnc(Nc3ccc4c(c3)CCC4)c21,1410.0,5.85078088734462,1,2002,2002,1
COc1cc2ncc(C#N)c(Nc3cccc(C(F)(F)F)c3)c2cc1OC,1450.0,5.838631997765026,1,2000,2000,1
c1ccc(CNc2ncnc3ccncc23)cc1,1460.0,5.835647144215563,1,1996,1996,1
COc1cc2ncc(C#N)c(Nc3ccc(C)c(Cl)c3)c2cc1OC,1480.0,5.8297382846050425,1,2000,2000,1
Cc1cccc2c(CCC(=O)O)c(SSc3[nH]c4c(C)cccc4c3CCC(=O)O)[nH]c12,1500.0,5.823908740944319,1,1993,1993,1
CCOC(=O)C(Cc1ccccc1)NC(=O)/C(C#N)=C/c1ccc(O)c(O)c1,1530.0,5.815308569182401,1,1991,1991,1
N#C/C(=C\c1ccc(O)c(O)c1)C(=O)c1ccccc1Cl,1540.0,5.8124792791635365,1,1991,1991,1
Nc1cccc(Nc2ncnc3cc(N)ncc23)c1,1550.0,5.809668301829708,1,1995,1995,1
N#C/C(=C\c1ccc(O)c(O)c1)C(=O)NCc1cccc(CNC(=O)/C(C#N)=C/c2ccc(O)c(O)c2)c1,1600.0,5.795880017344075,1,1996,1996,1
N#C/C(=C\c1ccc(O)c(O)c1)C(=O)NC1CCCCC1,1600.0,5.795880017344075,1,1991,1991,1
O=C(O)CCC1C(=S)Nc2ccccc21,1620.0,5.790484985457369,1,1993,1993,1
O=C(O[C@H]1CN[C@H](C#Cc2cc3ncnc(Nc4ccc(Sc5ccccn5)cc4)c3s2)C1)N1CCOCC1,1650.0,5.782516055786093,1,2009,2009,1
Nc1cc2ncnc(NCc3ccccc3Br)c2cn1,1670.0,5.777283528852417,1,1995,1995,1
CCN(CC)CCOc1cc2c(Nc3ccc(NC(=O)Nc4ccc(F)cc4F)cc3)ncnc2cc1OC,1700.0,5.769551078621726,1,2010,2010,1
COc1ccc(CCNC(=O)/C(C#N)=C/c2ccc(O)c(O)c2)cc1OC,1700.0,5.769551078621726,1,1991,1991,1
COc1ccc(NC(=O)/C(C#N)=C/c2ccc(O)c(O)c2)c(OC)c1,1700.0,5.769551078621726,1,1991,1991,1
Cc1ccc2ncnc(Nc3cccc(Br)c3)c2c1,1700.0,5.769551078621726,1,1996,1996,1
CCN(CC)CCOc1cc2ncnc(Nc3ccc(NC(=O)OC)cc3)c2cc1OC,1700.0,5.769551078621726,1,2010,2010,1
COc1cc2ncc(C#N)c(Nc3ccc(C)c(Br)c3)c2cc1OC,1790.0,5.747146969020107,1,2000,2000,1
CN(C)c1cccc(Nc2ncnc3cc(N)ncc23)c1,1790.0,5.747146969020107,1,1995,1995,1
N#C/C(=C\c1ccc(O)c(O)c1)C(=O)NCC1CCCC(CNC(=O)/C(C#N)=C/c2ccc(O)c(O)c2)C1,1800.0,5.7447274948966935,1,1996,1996,1
N#Cc1cnc2c(Cl)cc(NCc3cnc[nH]3)cc2c1Nc1ccc(F)c(Cl)c1,1800.0,5.7447274948966935,1,2007,2007,1
COc1cc2ncnc(Nc3ccc(-c4cc(-c5ccc(Br)cc5)c(C#N)c(=N)[nH]4)cc3)c2cc1OC,1935.0,5.71331903064507,1,2014,2014,1
Nc1cc2ncnc(NCc3cccc(C(F)(F)F)c3)c2cn1,1950.0,5.709965388637482,1,1995,1995,1
N#C/C(=C\c1ccc(O)c(O)c1)C(=O)NCc1ccccc1,2000.0,5.698970004336019,1,1991,1991,1
CN(C)c1cc2ncnc(Nc3cccc(Br)c3)c2cc1[N+](=O)[O-],2000.0,5.698970004336019,1,1996,1996,1
C=C(C)Cn1c(O)c(CN(C)C)sc1=NN=c1scc(O)n1C,2000.0,5.698970004336019,1,1990,1990,1
c1ccc(CNc2ncnc3cnccc23)cc1,2030.0,5.692503962086787,1,1996,1996,1
COc1cc(NCc2cnc[nH]2)cc2c(Nc3ccc(F)c(Cl)c3)c(C#N)cnc12,2080.0,5.681936665037238,1,2007,2007,1
N#Cc1c(-c2ccc(F)cc2)cc(-c2ccc(Nc3ncnc4ccccc34)cc2)[nH]c1=N,2088.0,5.680269505669775,1,2014,2014,1
COc1cc2ncnc(Nc3ccc(NC(=O)Nc4ccc(F)cc4F)cc3)c2cc1OC,2100.0,5.6777807052660805,1,2010,2010,1
N#C/C(=C\c1ccc(O)c(O)c1)C(=O)NC1CCCCC1NC(=O)/C(C#N)=C/c1ccc(O)c(O)c1,2100.0,5.6777807052660805,1,1996,1996,1
Cc1ccc2ncnc(Nc3cccc(C(F)(F)F)c3)c2c1,2100.0,5.6777807052660805,1,1996,1996,1
N#C/C(=C\c1ccc(O)c(O)c1)C(=O)N1CCc2ccccc21,2100.0,5.6777807052660805,1,1991,1991,1
c1ccc(Nc2ncnc3c2[nH]c2ccccc23)cc1,2110.0,5.675717544702307,1,1999,1999,1
N#C/C(=C\c1ccc(O)c(O)c1)C(=O)NCCCCCCCCNC(=O)/C(C#N)=C/c1ccc(O)c(O)c1,2200.0,5.657577319177793,1,1996,1996,1
N#C/C(=C\c1ccc(O)c(O)c1)C(=O)NCCN1CCN(C(=O)/C(C#N)=C/c2ccc(O)c(O)c2)CC1,2200.0,5.657577319177793,1,1996,1996,1
CCCC(Cc1coc2nc(N)nc(N)c12)c1ccccc1OC,2200.0,5.657577319177793,1,2009,2009,1
COc1cc2ncc(C#N)c(Nc3cccc(N=[N+]=[N-])c3)c2cc1OC,2210.0,5.655607726314889,1,2000,2000,1
N#C/C(=C\c1ccc(O)c(O)c1)C(=O)c1ccc([N+](=O)[O-])cc1,2300.0,5.638272163982407,1,1991,1991,1
N#C/C(=C\c1ccc(O)c(O)c1)C(N)=S,2400.0,5.619788758288394,1,1989,1989,1
Nc1cc2ncnc(NCc3ccc(Br)cc3)c2cn1,2460.0,5.609064892896621,1,1995,1995,1
N#CC(C#N)=C1C(=O)[N]c2cc([O])c([O])cc21,2500.0,5.6020599913279625,1,1991,1991,1
N#CC(=Cc1ccc(O)c(O)c1)C(=N)C(C#N)C#N,2500.0,5.6020599913279625,1,1989,1989,1
Clc1ncc2ncnc(Nc3ccccc3)c2n1,2550.0,5.5934598195660445,1,1997,1997,1
COc1cc2ncnc(Nc3ccc(C(=O)/C=C/c4ccc(Cl)cc4)cc3)c2cc1OC,2582.0,5.588043762069598,1,2014,2014,1
O=C(O[C@H]1CN[C@H](C#Cc2cc3ncnc(Nc4ccc(OCc5cccc(F)c5)nc4)c3s2)C1)N1CCOCC1,2600.0,5.585026652029182,1,2009,2009,1
N#C/C(=C\c1ccc(O)c(O)c1)C(=O)Nc1ccccc1,5350.0,5.5774509799928715,2,1991,1996,1
Clc1cccc(Nc2ncnc3ccc(Cl)cc23)c1,2700.0,5.568636235841012,1,1996,1996,1
COc1cc2ncc(C#N)c(Nc3ccc(C)cc3)c2cc1OC,2730.0,5.5638373529592435,1,2000,2000,1
COc1cc2nc(Cl)nc(Nc3cccc(Cl)c3)c2cc1OC,2800.0,5.552841968657781,1,1996,1996,1
COc1cccc(CNc2ncnc3cc(N)ncc23)c1,2870.0,5.542118103266008,1,1995,1995,1
N#Cc1cnc2c(Cl)cc(NCc3cccc[n+]3[O-])cc2c1Nc1ccc(F)c(Cl)c1,2900.0,5.537602002101044,1,2007,2007,1
Cc1ccc2c(CCC(=O)O)c(SSc3[nH]c4cc(C)ccc4c3CCC(=O)O)[nH]c2c1,2900.0,5.537602002101044,1,1993,1993,1
COc1cc2c(Oc3ccc(NC(=O)C4(C(=O)Nc5ccc(F)cc5)CC4)cc3F)ccnc2cc1OCCCN1CCOCC1,2990.0,5.52432881167557,1,2014,2014,1
N#CC(=[C]c1cc([O])c([O])c([O])c1)C#N,3000.0,5.522878745280337,1,1989,1989,1
N#C/C(=C\c1ccc(O)c(O)c1)C(=O)c1cccs1,3100.0,5.508638306165727,1,1991,1991,1
Cn1c(SSc2c(CCC(=O)O)c3ccccc3n2C)c(CCC(=O)O)c2ccccc21,3100.0,5.508638306165727,1,1993,1993,1
COc1cc2ncc(C#N)c(Nc3cc(Cl)c(O)c(Cl)c3)c2cc1OC,3150.0,5.501689446210399,1,2000,2000,1
O=C(O[C@H]1CN[C@H](C#Cc2cc3ncnc(Nc4ccc5c(ccn5CCc5ccccc5)c4)c3s2)C1)N1CCOCC1,3160.0,5.500312917381596,1,2009,2009,1
N#Cc1cnc2c(Br)cc(NCc3cnc[nH]3)cc2c1Nc1ccc(F)c(Cl)c1,3300.0,5.481486060122112,1,2007,2007,1
COc1cc2ncc(C=O)c(Nc3cccc(Br)c3)c2cc1OC,3370.0,5.4723700991286615,1,2000,2000,1
CCCCNC(=O)Nc1ccc(Nc2ncnc3cc(OC)c(OCCN(CC)CC)cc23)cc1,3400.0,5.468521082957745,1,2010,2010,1
Cn1c([Se][Se]c2c(C(=O)O)c3ccccc3n2C)c(C(=O)O)c2ccccc21,3500.0,5.455931955649724,1,1997,1997,1
COc1ccc2c(C(=O)Nc3ccccc3)c(SSc3c(C(=O)Nc4ccccc4)c4ccc(OC)cc4n3C)n(C)c2c1,3600.0,5.443697499232712,1,1994,1994,1
COc1ccccc1Nc1ncnc2cc(N)ncc12,3710.0,5.430626090384954,1,1995,1995,1
COc1cc2ncnc(Nc3cc(Cl)cc(Cl)c3)c2cc1OC,4000.0,5.3979400086720375,1,1996,1996,1
N#C/C(=C\c1ccc(O)c(O)c1)C(=O)N1CCN(C(=O)/C(C#N)=C/c2ccc(O)c(O)c2)CC1,4000.0,5.3979400086720375,1,1996,1996,1
CCN(CC)CCn1c2ccccc2c2c(Nc3cccc(Br)c3)ncnc21,4100.0,5.3872161432802645,1,1999,1999,1
c1ccc(CCNc2ncnc3ccccc23)cc1,4100.0,5.3872161432802645,1,1995,1995,1
COc1cc(/C=N/NC(=O)COc2cc(C)nc3c2c(C)nn3-c2ccccc2)cc(OC)c1OC,4180.0,5.3788237182249645,1,2016,2016,1
COc1cc2ncc(C#N)c(Nc3ccccc3Br)c2cc1OC,4180.0,5.3788237182249645,1,2000,2000,1
Nc1cc2ncnc(NCc3ccccc3[N+](=O)[O-])c2cn1,4250.0,5.371611069949688,1,1995,1995,1
CCN(CC)CCn1c2ccc(OC)cc2c2c(Nc3cccc(Br)c3)ncnc21,4270.0,5.369572124974976,1,1999,1999,1
C=CC(=O)Nc1cc(-n2c(=O)ccc3cnc4ccc(-c5ccc(NS(C)(=O)=O)cc5)cc4c32)ccc1C,4280.0,5.368556230986828,1,2013,2013,1
CCN(CC)CCOc1cc2c(Nc3ccc(NC(=O)Nc4ccccc4)cc3)ncnc2cc1OC,4300.0,5.366531544420413,1,2010,2010,1
Cn1c(SSc2c(C(=O)Nc3ccccc3)c3cc(Cl)ccc3n2C)c(C(=O)Nc2ccccc2)c2cc(Cl)ccc21,4300.0,5.366531544420413,1,1994,1994,1
N#C/C(=C\c1ccc(O)c(O)c1)C(=O)N1CCN(c2ccccc2)CC1,4300.0,5.366531544420413,1,1991,1991,1
CCCCNc1ncc2cc(-c3c(Cl)cccc3Cl)c(=O)n(C)c2n1,4400.0,5.356547323513812,1,1998,1998,1
O=C(O)CCc1c(SSc2[nH]c3ccccc3c2CCC(=O)O)[nH]c2ccccc12,4500.0,5.347754736113256,2,1993,1994,1
CCNc1ncc2cc(-c3c(Cl)cccc3Cl)c(=O)n(C)c2n1,4500.0,5.346787486224656,1,1998,1998,1
CN1CCN(CCCCCNc2ncc3cc(-c4c(Cl)cccc4Cl)c(=O)n(C)c3n2)CC1,4500.0,5.346787486224656,1,1998,1998,1
CCN(CC)CCNC(=O)c1c([Se][Se]c2[nH]c3ccccc3c2C(=O)NCCN(CC)CC)[nH]c2ccccc12,4600.0,5.337242168318426,1,1997,1997,1
CCN(CC)CCNC(=O)c1c([Se][Se]c2c(C(=O)NCCN(CC)CC)c3ccccc3n2C)n(C)c2ccccc12,4700.0,5.327902142064282,1,1997,1997,1
Nc1cc2ncnc(Nc3ccc(C(F)(F)F)cc3)c2cn1,4700.0,5.327902142064282,1,1995,1995,1
COc1ccc(/C=N/NC(=O)COc2cc(C)nc3c2c(C)nn3-c2ccccc2)cc1,4720.0,5.326058001365912,1,2016,2016,1
CN(C)c1ccc(Nc2ncnc3cc(N)ncc23)cc1,4860.0,5.313363730737707,1,1995,1995,1
COc1cccc2ncnc(NCc3ccccc3)c12,4900.0,5.309803919971486,1,1995,1995,1
O=[N+]([O-])c1ccc2ncnc(Nc3ccccc3)c2c1,5000.0,5.301029995663981,1,1996,1996,1
Cn1c(SSc2c(C(=O)Nc3ccccc3)c3cc([N+](=O)[O-])ccc3n2C)c(C(=O)Nc2ccccc2)c2cc([N+](=O)[O-])ccc21,5000.0,5.301029995663981,1,1994,1994,1
CS(=O)c1cc(NCc2cnc[nH]2)cc2c(Nc3ccc(F)c(Cl)c3)c(C#N)cnc12,5000.0,5.301029995663981,1,2007,2007,1
Cc1cc(OCC(=O)N/N=C/c2ccc(Cl)cc2)c2c(C)nn(-c3ccccc3)c2n1,5010.0,5.300162274132754,1,2016,2016,1
Cc1cccc(C)c1NC(=O)/C(C#N)=C/c1ccc(O)c(O)c1,5100.0,5.292429823902063,1,1991,1991,1
N#Cc1cnc2cc3c(cc2c1Nc1cccc(Br)c1)OCCCO3,5150.0,5.288192770958808,1,2000,2000,1
CCCCNC(=O)Nc1ccc(Nc2ncnc3cc(OCCN(CC)CC)c(OC)cc23)cc1,5200.0,5.2839966563652006,1,2010,2010,1
Nc1cc2ncnc(Nc3ccccc3N)c2cn1,5250.0,5.279840696594043,1,1995,1995,1
O=CN/C=C/c1cc(O)ccc1O,8000.0,5.27642098432889,2,1989,1993,1
CC(=O)Oc1ccc2c(c1)c(C(=O)Nc1ccccc1)c(SSc1c(C(=O)Nc3ccccc3)c3cc(OC(C)=O)ccc3n1C)n2C,5300.0,5.275724130399211,1,1994,1994,1
Cc1cc(C(=O)NCCN2CCOCC2)[nH]c1/C=C1\C(=O)N(C)c2ncnc(Nc3ccc(F)c(Cl)c3)c21,5310.0,5.274905478918531,1,2002,2002,1
Brc1cccc(Nc2ccnc3ccccc23)c1,5500.0,5.259637310505756,1,1995,1995,1
Cn1c(=O)c(-c2c(Cl)cccc2Cl)cc2cnc(N)nc21,5600.0,5.251811972993799,1,1998,1998,1
O=[N+]([O-])c1ccc2c(NCc3ccccc3)ncnc2c1,5900.0,5.229147988357855,1,1995,1995,1
Nc1ccc(Nc2ncnc3cc(N)ncc23)cc1,5900.0,5.229147988357855,1,1995,1995,1
C=CCN1C(=O)C(=C)SC1=NN=c1scc(O)n1C,6000.0,5.221848749616356,1,1990,1990,1
[C]Oc1cc([C]=C(C#N)C#N)cc([O])c1[O],6000.0,5.221848749616356,1,1989,1989,1
O=[N+]([O-])c1ccc2c(Nc3cccc(F)c3)ncnc2c1,6100.0,5.214670164989233,1,1996,1996,1
CNC(=O)c1c([Se][Se]c2c(C(=O)NC)c3ccccc3n2C)n(C)c2ccccc12,6100.0,5.214670164989233,1,1997,1997,1
COc1cccc(Nc2ncnc3cc(OC)c(OC)cc23)c1,6300.0,5.200659450546418,1,1996,1996,1
COc1cc2ncc(C#N)c(Nc3cccc(O)c3)c2cc1OC,6360.0,5.196542884351587,1,2000,2000,1
COc1cccc2c(C(=O)Nc3ccccc3)c(SSc3c(C(=O)Nc4ccccc4)c4cccc(OC)c4n3C)n(C)c12,6500.0,5.187086643357144,1,1994,1994,1
COc1cc2ncc(C#N)c(Nc3ccc(Br)cc3)c2cc1OC,6650.0,5.1771783546968955,1,2000,2000,1
Cc1cc(C)c(C)c(-c2cc3cnc(N)nc3nc2NC(=O)NC(C)(C)C)c1C,6680.0,5.175223537524454,1,1997,1997,1
CN1C(=S)C(CCC(=O)O)c2ccccc21,6700.0,5.173925197299173,1,1993,1993,1
O=C(O)CCCC1C(=S)Nc2ccccc21,6700.0,5.173925197299173,1,1993,1993,1
COCOc1cc2ncc(C#N)c(Nc3cccc(Br)c3)c2cc1OCOC,6750.0,5.170696227168975,1,2000,2000,1
N#Cc1cnc2cc3c(cc2c1Nc1cccc(Br)c1)OCO3,6790.0,5.168130225719498,1,2000,2000,1
Cc1ccc2ncnc(Nc3ccc(C)c(C)c3)c2c1,6900.0,5.161150909262744,1,1996,1996,1
CNC(=O)c1c(SSc2c(C(=O)NC)c3ccccc3n2C)n(C)c2ccccc12,6900.0,5.161150909262744,1,1997,1997,1
CCN(CC)CCn1c([Se][Se]c2c(C(=O)NC)c3ccccc3n2CCN(CC)CC)c(C(=O)NC)c2ccccc21,6900.0,5.161150909262744,1,1997,1997,1
N#CC(C#N)=C1[C][C]c2c1ccc([O])c2[O],7000.0,5.154901959985743,1,1991,1991,1
O=C(NCc1ccccc1)[C@@H](Cc1c([Se][Se]c2[nH]c3ccccc3c2C[C@@H](NC(=O)C(F)(F)F)C(=O)NCc2ccccc2)[nH]c2ccccc12)NC(=O)C(F)(F)F,7000.0,5.154901959985743,1,1997,1997,1
Clc1ccc(CNc2ncnc3ccccc23)cc1,7000.0,5.154901959985743,1,1995,1995,1
COc1cc2ncc(C#N)c(Nc3cccc(C(C)=O)c3)c2cc1OC,7380.0,5.131943638176958,1,2000,2000,1
O=C(CCc1c(SSc2[nH]c3ccccc3c2CCC(=O)NCc2ccc(C(=O)O)cc2)[nH]c2ccccc12)NCc1ccc(C(=O)O)cc1,7400.0,5.130768280269024,1,1994,1994,1
OCCCCNc1cncc(-c2cncc(Nc3cccc(Cl)c3)n2)c1,7400.0,5.130768280269024,1,2005,2005,1
NC(Cc1c(SSc2[nH]c3ccccc3c2CC(N)C(=O)NCc2ccccc2)[nH]c2ccccc12)C(=O)NCc1ccccc1,7500.0,5.124977343994116,2,1994,1997,1
CNc1ncc2cc(-c3c(Cl)cccc3Cl)c(=O)n(C)c2n1,7500.0,5.1249387366083,1,1998,1998,1
COc1cc2ncc(C#N)c(Nc3cccc(C(N)=O)c3)c2cc1OC,7690.0,5.114073660198569,1,2000,2000,1
Nc1cc2ncnc(NCc3ccc(C(F)(F)F)cc3)c2cn1,8000.0,5.096910013008056,1,1995,1995,1
O=[N+]([O-])c1cccc2ncnc(NCc3ccccc3)c12,8000.0,5.096910013008056,1,1995,1995,1
CC1=C(CC(=O)O)c2cc(Cl)ccc2/C1=C\c1ccoc1,8000.0,5.096910013008056,1,2005,2005,1
CCN(CC)CCOc1cc2ncnc(Nc3ccc(NC(=O)Nc4ccc(F)cc4F)cc3)c2cc1OC,8300.0,5.080921907623926,1,2010,2010,1
Cn1c(SSc2c(CCCC(=O)O)c3ccccc3n2C)c(CCCC(=O)O)c2ccccc21,8300.0,5.080921907623926,1,1993,1993,1
Nc1nc(N)c2nc(-c3cccc(Cl)c3)c(N)nc2n1,8300.0,5.080921907623926,1,2016,2016,1
Cc1ccc2[nH]c(SSc3[nH]c4ccc(C)cc4c3CCC(=O)O)c(CCC(=O)O)c2c1,8400.0,5.075720713938118,1,1993,1993,1
Cc1ccsc1C(=O)n1nc(Nc2ccc(S(N)(=O)=O)cc2)nc1N,8400.0,5.075720713938118,1,2005,2005,1
O=C(CCc1c(SSc2[nH]c3ccccc3c2CCC(=O)NCc2ccc(C(=O)O)c(O)c2)[nH]c2ccccc12)NCc1ccc(C(=O)O)c(O)c1,8500.0,5.070581074285707,1,1994,1994,1
CN1CCN(CCCNc2ncc3cc(-c4c(Cl)cccc4Cl)c(=O)n(C)c3n2)CC1,8700.0,5.060480747381382,1,1998,1998,1
COc1cccc(-c2ccc3c(c2)NC(=O)/C3=C\c2[nH]c3c(c2CCC(=O)O)CCCC3)c1,8880.0,5.051587034221399,1,2000,2000,1
COc1ccc(Nc2ncnc3ccc(C)cc23)cc1,9000.0,5.045757490560675,1,1996,1996,1
COc1cc2ncc(C#N)c(Nc3ccc(O)c(Cl)c3)c2cc1OC,9040.0,5.043831569524636,1,2000,2000,1
CCN(CC)CCOc1cc2ncnc(Nc3ccc(NC(=O)Nc4ccccc4)cc3)c2cc1OC,9100.0,5.040958607678906,1,2010,2010,1
O=C(O)Cc1c(SSSc2[nH]c3ccccc3c2CC(=O)O)[nH]c2ccccc12,9300.0,5.031517051446064,1,1993,1993,1
CCOC(=O)Nc1ccc(Nc2ncnc3cc(OCCN(CC)CC)c(OC)cc23)cc1,9400.0,5.026872146400301,1,2010,2010,1
CNC(=O)CCc1c(SSc2[nH]c3ccccc3c2CCC(=O)NC)[nH]c2ccccc12,9400.0,5.026872146400301,1,1994,1994,1
CC(=O)Oc1cccc2c(C(=O)Nc3ccccc3)c(SSc3c(C(=O)Nc4ccccc4)c4cccc(OC(C)=O)c4n3C)n(C)c12,9900.0,5.004364805402449,1,1994,1994,1
CCN(CC)CCNC(=O)c1c(C)[nH]c(/C=C2\C(=O)Nc3ccc(Br)cc32)c1C,10000.0,5.0,1,2003,2003,1
Cc1ccc(Nc2ncnc3ccc(C)cc23)cc1,10000.0,5.0,1,1996,1996,1
Nc1cc2ncnc(Nc3ccccc3C(F)(F)F)c2cn1,10000.0,5.0,1,1995,1995,1
Nc1cc2ncnc(NCc3ccccc3C(F)(F)F)c2cn1,10000.0,5.0,1,1995,1995,1
N#CC(=[C]c1ccnc2ccccc12)C#N,10000.0,5.0,1,1996,1996,1
N#C/C(=C\c1ccc2[nH]ccc2c1)C(=O)c1ccc(O)c(O)c1,10000.0,5.0,1,1996,1996,1
Cn1c(SSc2c(C(=O)Nc3ccccc3)c3ccccc3n2C)c(C(=O)Nc2ccccc2)c2ccccc21,10000.0,5.0,1,1994,1994,1
CC(NC(=O)/C(C#N)=C/c1ccc2[nH]ccc2c1)c1ccccc1,10000.0,5.0,1,1996,1996,1
N#C/C(=C\c1ccc(O)c(O)c1)C(N)=O,10000.0,5.0,2,1989,1991,1
COc1ccc(CNc2ncnc3ccccc23)cc1,10000.0,5.0,1,1995,1995,1
CN(C)c1cccc(CNc2ncnc3cc(N)ncc23)c1,10000.0,5.0,1,1995,1995,1
Nc1cc2ncnc(NCc3cccc([N+](=O)[O-])c3)c2cn1,10100.0,4.995678626217358,1,1995,1995,1
O=C(O)Cc1c(SSc2[nH]c3ccccc3c2CC(=O)O)[nH]c2ccccc12,10200.0,4.991399828238082,1,1993,1993,1
Cc1cc(OCC(=O)N/N=C/c2ccc(O)cc2)c2c(C)nn(-c3ccccc3)c2n1,10500.0,4.978810700930062,1,2016,2016,1
Cc1cc(C)c(C(=O)C(C#N)=Cc2ccc(O)c(O)c2)c(C)c1,10700.0,4.97061622231479,1,1991,1991,1
CCN(CC)CCOc1cc2c(Nc3ccc(NC(=O)OC)cc3)ncnc2cc1OC,11100.0,4.954677021213342,1,2010,2010,1
Cc1ccc2ncnc(Nc3ccccc3)c2c1,11300.0,4.94692155651658,1,1996,1996,1
Cn1c(SSc2c(C(=O)Nc3ccccc3)c3cc(Br)ccc3n2C)c(C(=O)Nc2ccccc2)c2cc(Br)ccc21,11400.0,4.943095148663527,1,1994,1994,1
Cc1cc(OCC(=O)N/N=C/c2ccc([N+](=O)[O-])cc2)c2c(C)nn(-c3ccccc3)c2n1,11490.0,4.9396799713117145,1,2016,2016,1
CN(C)C(=O)CCc1c(SSc2[nH]c3ccccc3c2CCC(=O)N(C)C)[nH]c2ccccc12,12000.0,4.920818753952375,1,1994,1994,1
CC1=C(CC(=O)O)c2ccc(Br)cc2/C1=C\c1ccsc1,12000.0,4.920818753952375,1,2005,2005,1
O=[N+]([O-])c1ccc2c(Nc3ccccc3)ncnc2c1,12000.0,4.920818753952375,1,1996,1996,1
N#CC(C#N)=C1C(=O)[N]c2ccc([O])cc21,12500.0,4.903089986991944,1,1991,1991,1
CNC(=O)c1c([Se][Se]c2[nH]c3ccccc3c2C(=O)NC)[nH]c2ccccc12,13000.0,4.886056647693163,1,1997,1997,1
Cc1ccc2ncnc(Nc3ccccc3O)c2c1,13000.0,4.886056647693163,1,1996,1996,1
CCCCC(Cc1coc2nc(N)nc(N)c12)c1ccccc1OC,13400.0,4.872895201635193,1,2009,2009,1
N#CC(C#N)C(=O)c1cc(O)c(O)c(O)c1,13500.0,4.8696662315049934,1,1989,1989,1
COc1cc2ncc(C#N)c(Nc3ccc(Cl)cc3F)c2cc1OC,13850.0,4.858550226599533,1,2000,2000,1
O=C(NCc1ccccc1)C(O)Cc1c(SSc2[nH]c3ccccc3c2CC(O)C(=O)NCc2ccccc2)[nH]c2ccccc12,14000.0,4.853871964321762,1,1994,1994,1
COc1cc2ncc(C#N)c(Nc3cccc(C#N)c3)c2cc1OC,14180.0,4.848323769152953,1,2000,2000,1
Clc1ccc(-c2cn3cccc(COc4nnc5ccc(Cl)nn45)c3n2)c(Cl)c1,14210.0,4.8474059220725305,1,2017,2017,1
O=C(O)CC1C(=S)Nc2ccccc21,14900.0,4.826813731587726,1,1993,1993,1
Cc1ccc2ncnc(Nc3ccc(O)cc3)c2c1,15000.0,4.823908740944319,1,1996,1996,1
COc1cc2ncc(C(N)=O)c(Nc3cccc(Br)c3)c2cc1OC,15170.0,4.81901441921327,1,2000,2000,1
COc1cc2ncnc(Nc3ccc(NC(=O)Nc4ccc(F)c(Cl)c4)cc3)c2cc1OC,15200.0,4.818156412055227,1,2010,2010,1
Clc1ccccc1Nc1ncnc2ccccc12,15300.0,4.815308569182402,1,1996,1996,1
Clc1ccc(Cl)c(-c2cn3cccc(COc4nnc5ccc(Cl)nn45)c3n2)c1,15570.0,4.80771138743188,1,2017,2017,1
COc1cc2nc(Cl)nc(Nc3ccc(C)cc3)c2cc1OC,16000.0,4.795880017344075,1,1996,1996,1
NC(=O)CCc1c(SSc2[nH]c3ccccc3c2CCC(N)=O)[nH]c2ccccc12,16000.0,4.795880017344075,1,1994,1994,1
Cc1cc(C)c(/C=C2\C(=O)Nc3ccccc32)[nH]1,16600.0,4.779891911959945,1,2010,2010,1
COc1cc2ncc(C#N)c(Nc3cc(Cl)ccc3O)c2cc1OC,17020.0,4.769040444251431,1,2000,2000,1
CCN(CC)CCOc1cc2ncnc(Nc3ccc(NC(=O)Nc4ccc(OC)cc4)cc3)c2cc1OC,17100.0,4.767003889607846,1,2010,2010,1
COC(=O)Cc1c(SSc2[nH]c3ccccc3c2CC(=O)OC)[nH]c2ccccc12,18000.0,4.7447274948966935,1,1993,1993,1
O=C(O)CCCc1c(SSc2[nH]c3ccccc3c2CCCC(=O)O)[nH]c2ccccc12,18000.0,4.7447274948966935,1,1993,1993,1
COc1ccccc1C(Cc1coc2nc(N)nc(N)c12)C(C)C,18200.0,4.739928612014925,1,2009,2009,1
CCOC(=O)Nc1ccc(Nc2ncnc3cc(OC)c(OCCN(CC)CC)cc23)cc1,18600.0,4.730487055782084,1,2010,2010,1
CC(=O)Oc1cccc2c1c(C(=O)Nc1ccccc1)c(SSc1c(C(=O)Nc3ccccc3)c3c(OC(C)=O)cccc3n1C)n2C,20000.0,4.698970004336019,1,1994,1994,1
COC(=O)CCc1c(SSc2[nH]c3ccccc3c2CCC(=O)OC)[nH]c2ccccc12,21000.0,4.6777807052660805,2,1993,1994,1
Cc1ccc2ncnc(Nc3ccccc3C)c2c1,21000.0,4.6777807052660805,1,1996,1996,1
CCOc1cc2c(Nc3cccc(Br)c3)c(C#N)cnc2cc1OC,21190.0,4.673869043289206,1,2000,2000,1
CCN(CC)CCOc1cc2c(Nc3ccc(NC(=O)Nc4ccc(OC)cc4)cc3)ncnc2cc1OC,21500.0,4.667561540084395,1,2010,2010,1
CC1=C(CC(=O)O)c2ccc(Br)cc2/C1=C\c1ccoc1,22000.0,4.657577319177793,1,2005,2005,1
NC(=O)CCC1C(=S)Nc2ccccc21,22000.0,4.657577319177793,1,1994,1994,1
Cc1ccc2ncnc(Nc3ccc(C#N)cc3)c2c1,22000.0,4.657577319177793,1,1996,1996,1
Cn1c(SSc2c(C(=O)Nc3ccccc3)c3cccnc3n2C)c(C(=O)Nc2ccccc2)c2cccnc21,22300.0,4.651695136951839,1,1994,1994,1
O=C(CCc1c(SSc2[nH]c3ccccc3c2CCC(=O)NCCc2ccccc2)[nH]c2ccccc12)NCCc1ccccc1,24000.0,4.619788758288394,1,1994,1994,1
Clc1cccc(Nc2[nH]nc3ncnc(Oc4cccc(Cl)c4)c23)c1,24200.0,4.616184634019569,1,1997,1997,1
O=C(CCc1c(SSc2[nH]c3ccccc3c2CCC(=O)Nc2ccccc2)[nH]c2ccccc12)Nc1ccccc1,25000.0,4.6020599913279625,1,1994,1994,1
[C]N1C(=O)C(=C(C#N)C#N)c2cc([O])ccc21,26000.0,4.585026652029182,1,1991,1991,1
CC(=O)OC(Cc1c(SSc2[nH]c3ccccc3c2CC(OC(C)=O)C(=O)NCc2ccccc2)[nH]c2ccccc12)C(=O)NCc1ccccc1,28000.0,4.552841968657781,1,1994,1994,1
CCN(CC)CCOc1cc2ncnc(Nc3ccc(NC(=O)NC4CCCCC4)cc3)c2cc1OC,28200.0,4.549750891680639,1,2010,2010,1
COc1cc2ncnc(Nc3ccc(NC(=O)Nc4ccccc4)cc3)c2cc1OC,28700.0,4.542118103266008,1,2010,2010,1
CCNC(=O)Nc1ccc(Nc2ncnc3cc(OCCN(CC)CC)c(OC)cc23)cc1,29100.0,4.536107011014093,1,2010,2010,1
NS(=O)(=O)c1ccc2c(c1)/C(=C/c1[nH]c3c(c1CCC(=O)O)CCCC3)C(=O)N2,29100.0,4.536107011014093,1,2000,2000,1
CCN(CC)CCOc1cc2c(Nc3ccc(NC(=O)Nc4ccc(F)c(Cl)c4)cc3)ncnc2cc1OC,29200.0,4.534617148551582,1,2010,2010,1
N#C/C(=C\c1c[nH]c2ccccc12)C(=O)c1ccc(O)c(O)c1,30000.0,4.522878745280337,1,1996,1996,1
Cc1cc(OCC(=O)N/N=C/c2ccc(F)cc2)c2c(C)nn(-c3ccccc3)c2n1,30020.0,4.522589312092748,1,2016,2016,1
CCCCNC(=O)Nc1ccc(Nc2ncnc3cc(OC)c(OC)cc23)cc1,30600.0,4.51427857351842,1,2010,2010,1
COc1cc2ncnc(Nc3ccc(NC(C)=O)cc3)c2cc1OC,31300.0,4.504455662453552,1,2010,2010,1
N#CCc1c(SSc2[nH]c3ccccc3c2CC#N)[nH]c2ccccc12,32000.0,4.494850021680094,1,1994,1994,1
CCN(CC)CCOc1cc2c(Nc3ccc(NC(=O)NC4CCCCC4)cc3)ncnc2cc1OC,32300.0,4.490797477668897,1,2010,2010,1
COC(=O)Cc1c(SSc2c(CC(=O)OC)c3ccccc3n2C)n(C)c2ccccc12,33000.0,4.481486060122113,1,1993,1993,1
CCOc1cc2ncc(C#N)c(Nc3cccc(Br)c3)c2cc1OC,33020.0,4.4812229310732254,1,2000,2000,1
COc1cc2ncc(C(=O)O)c(Nc3cccc(Br)c3)c2cc1OC,34220.0,4.465719994794918,1,2000,2000,1
COc1ccc(NC(=O)Nc2ccc(Nc3ncnc4cc(OC)c(OC)cc34)cc2)cc1,34500.0,4.462180904926726,1,2010,2010,1
COC(=O)Cc1c(SSSc2[nH]c3ccccc3c2CC(=O)OC)[nH]c2ccccc12,35000.0,4.455931955649724,1,1993,1993,1
N#CC(=[C]c1ccc([O])c([O])c1)C#N,35000.0,4.455931955649724,1,1989,1989,1
Cc1cc(OCC(=O)N/N=C/c2ccc(C(F)(F)F)cc2)c2c(C)nn(-c3ccccc3)c2n1,35880.0,4.445147565627946,1,2016,2016,1
CCNC(=O)Nc1ccc(Nc2ncnc3cc(OC)c(OC)cc23)cc1,36300.0,4.440093374963888,1,2010,2010,1
N#CC(=[C]c1cc([O])cc([O])c1)C#N,37000.0,4.431798275933005,1,1989,1989,1
O=C(Cc1c(SSc2[nH]c3ccccc3c2CC(=O)NCc2ccccc2)[nH]c2ccccc12)NCc1ccccc1,38000.0,4.42021640338319,1,1994,1994,1
N#CC(C#N)=C1C(=O)[N]c2ccc([N+](=O)[O-])cc21,40000.0,4.3979400086720375,1,1991,1991,1
Cn1c(SSc2c(C(=O)Nc3ccccc3)c3cc(O)ccc3n2C)c(C(=O)Nc2ccccc2)c2cc(O)ccc21,40500.0,4.392544976785332,1,1994,1994,1
CCN(CC)CCOc1cc2ncnc(Nc3ccc(NC(=O)Nc4ccc(F)c(Cl)c4)cc3)c2cc1OC,43200.0,4.364516253185088,1,2010,2010,1
COC(=O)c1ccc(CNC(=O)CCc2c(SSc3[nH]c4ccccc4c3CCC(=O)NCc3ccc(C(=O)OC)cc3)[nH]c3ccccc23)cc1,44000.0,4.356547323513812,1,1994,1994,1
Cn1c(SSc2c(C(=O)Nc3ccccc3)c3ccc(O)cc3n2C)c(C(=O)Nc2ccccc2)c2ccc(O)cc21,44000.0,4.356547323513812,1,1994,1994,1
Cc1ccc(F)c(C(=O)n2nc(Nc3ccc(S(N)(=O)=O)cc3)nc2N)c1F,45800.0,4.33913452199613,1,2005,2005,1
N#CCCc1c(SSc2[nH]c3ccccc3c2CCC#N)[nH]c2ccccc12,47000.0,4.327902142064283,1,1994,1994,1
CCOC(=O)Nc1ccc(Nc2ncnc3cc(OC)c(OC)cc23)cc1,47900.0,4.319664486585436,1,2010,2010,1
COc1cc2ncc(C#N)c(Nc3ccc(F)cc3)c2cc1OC,47940.0,4.319301970302365,1,2000,2000,1
CN(C)c1ncc2cc(-c3c(Cl)cccc3Cl)c(=O)n(C)c2n1,50000.0,4.301029995663981,1,1998,1998,1
COc1cc(OC)cc(-c2cc3cnc(N)nc3nc2NC(=O)NC(C)(C)C)c1,50000.0,4.301029995663981,1,1997,1997,1
COc1ccc(Nc2c(C#N)cnc3cc(OC)c(OC)cc23)cc1OC,50490.0,4.296794629304514,1,2000,2000,1
CC(=O)NC(Cc1c(SSc2[nH]c3ccccc3c2CC(NC(C)=O)C(=O)NCc2ccccc2)[nH]c2ccccc12)C(=O)NCc1ccccc1,51000.0,4.292429823902063,1,1994,1994,1
COc1cc2ncnc(Nc3ccc(NC(=O)NC4CCCCC4)cc3)c2cc1OC,51300.0,4.289882634888183,1,2010,2010,1
Cn1c(SSc2c(CC(=O)O)c3ccccc3n2C)c(CC(=O)O)c2ccccc21,53000.0,4.275724130399211,1,1993,1993,1
Cn1c(SSc2c(C(=O)Nc3ccccc3)c3cc(C#N)ccc3n2C)c(C(=O)Nc2ccccc2)c2cc(C#N)ccc21,54100.0,4.266802734893431,1,1994,1994,1
CC(C)(C)c1cc(/C=C(\C#N)C(N)=O)cc(C(C)(C)C)c1O,55000.0,4.259637310505756,1,1989,1989,1
COc1ccccc1C(Cc1coc2nc(N)nc(N)c12)C1CC1,56500.0,4.247951552180561,1,2009,2009,1
O=C(O)CCc1c(/C=C2\C(=O)Nc3ccc(C(=O)O)cc32)[nH]c2c1CCCC2,56500.0,4.247951552180561,1,2000,2000,1
N#CC(=[C]c1ccc([C]=O)cc1)C#N,60000.0,4.221848749616356,1,1989,1989,1
N#CC(=Cc1ccc(O)c([N+](=O)[O-])c1)C(=N)C(C#N)C#N,60000.0,4.221848749616356,1,1989,1989,1
[C]Oc1cc2c(cc1[O])[N]C(=O)C2=C(C#N)C#N,60000.0,4.221848749616356,1,1991,1991,1
COc1cc2ncc(C#N)c(Nc3cccc(C(C)C)c3)c2cc1OC,62320.0,4.205372555335492,1,2000,2000,1
N#C/C(=C\c1c[nH]c2ccccc12)C(N)=O,65000.0,4.187086643357144,1,1996,1996,1
N#C/C(=C\c1c[nH]c2ccccc12)C(N)=S,65000.0,4.187086643357144,1,1996,1996,1
Nc1cc2ncnc(Nc3ccc([N+](=O)[O-])cc3)c2cn1,65000.0,4.187086643357144,1,1995,1995,1
CONC(=O)CCc1c(SSc2[nH]c3ccccc3c2CCC(=O)NOC)[nH]c2ccccc12,68000.0,4.167491087293763,1,1994,1994,1
CN(C)c1ccccc1Nc1ncnc2cc(N)ncc12,69000.0,4.161150909262744,1,1995,1995,1
COc1cc2ncc(C#N)c(Nc3cccc(NC(C)=O)c3)c2cc1OC,69400.0,4.158640529545145,1,2000,2000,1
N#C/C(=C\c1ccc(O)c(O)c1)C(=O)O,70000.0,4.154901959985743,1,1989,1989,1
COc1cc2c(C#N)cnc(Nc3cccc(Br)c3)c2cc1OC,70840.0,4.149721447481963,1,2000,2000,1
COC(=O)Nc1ccc(Nc2ncnc3cc(OC)c(OC)cc23)cc1,72400.0,4.140261433802853,1,2010,2010,1
N#C/C(=C/c1cc(O)ccc1O)C(=O)O,75000.0,4.1249387366083,1,1989,1989,1
CCOC(=O)c1cnc2cc(OC)c(OC)cc2c1Nc1cccc(Br)c1,81300.0,4.089909454405932,1,2000,2000,1
Cc1[nH]c(/C=C2\C(=O)Nc3ccc(S(N)(=O)=O)cc32)c(C)c1CCC(=O)O,84800.0,4.071604147743286,1,1999,1999,1
COc1cc2c(C#N)cnc(Nc3cccc(Cl)c3)c2cc1OC,88290.0,4.054088483180727,1,2000,2000,1
O=[N+]([O-])CCc1c(SSc2[nH]c3ccccc3c2CC[N+](=O)[O-])[nH]c2ccccc12,89000.0,4.050609993355088,1,1994,1994,1
N#CC(=[C]c1cc([O])ccc1[N+](=O)[O-])C#N,96000.0,4.017728766960432,1,1989,1989,1
COC(=O)CC1C(=S)Nc2ccccc21,100000.0,4.0,1,1993,1993,1
COC(=O)c1ccc(CNC(=O)CCc2c(SSc3[nH]c4ccccc4c3CCC(=O)NCc3ccc(C(=O)OC)c(O)c3)[nH]c3ccccc23)cc1O,100000.0,4.0,1,1994,1994,1
N#CC(=Cc1c[nH]c2ccccc12)c1n[nH]c(N)c1C#N,100000.0,4.0,1,1996,1996,1
O=C(CC1C(=S)Nc2ccccc21)NCc1ccccc1,100000.0,4.0,1,1994,1994,1
O=C(CCCc1c(SSc2[nH]c3ccccc3c2CCCC(=O)NCc2ccccc2)[nH]c2ccccc12)NCc1ccccc1,100000.0,4.0,1,1994,1994,1
N#C/C(=C\c1c[nH]c2ccccc12)c1nc2ccccc2s1,100000.0,4.0,1,1996,1996,1
O=C(CCC1C(=S)Nc2ccccc21)NCc1ccccc1,100000.0,4.0,1,1994,1994,1
N#CC(=Cc1ccc2[nH]ccc2c1)C(=N)C(C#N)C#N,100000.0,4.0,1,1996,1996,1
COc1ccccc1CNc1ncnc2cc(N)ncc12,100000.0,4.0,1,1995,1995,1
Cn1c(SSc2c(C(=O)Nc3ccccc3)c3cccc(O)c3n2C)c(C(=O)Nc2ccccc2)c2cccc(O)c21,100000.0,4.0,1,1994,1994,1
CN(c1ccccc1)c1ncnc2ccccc12,100000.0,4.0,1,1995,1995,1
Cn1c(SSc2c(C(=O)Nc3ccccc3)c3c(Cl)cccc3n2C)c(C(=O)Nc2ccccc2)c2c(Cl)cccc21,100000.0,4.0,1,1994,1994,1
C=C(C)Cn1c(O)c(OS(=O)O)sc1=NN=c1scc(O)n1C,100000.0,4.0,1,1990,1990,1
